"treatment","species","replication","collection_date","collection_temp","cl_conc","initial","time","surviving","prop_surv","day"
"NaCl","L. Sicilis",1,"1/14/26",4,1000,5,0,5,1,"0"
"NaCl","L. Sicilis",1,"1/14/26",4,1000,5,24,5,1,"1"
"NaCl","L. Sicilis",1,"1/14/26",4,1000,5,47,5,1,"1"
"NaCl","L. Sicilis",1,"1/14/26",4,1000,5,71,5,1,"2"
"NaCl","L. Sicilis",1,"1/14/26",4,1000,5,95,5,1,"3"
"NaCl","L. Sicilis",1,"1/14/26",4,1000,5,119,5,1,"4"
"NaCl","L. Sicilis",1,"1/14/26",4,1100,5,0,5,1,"0"
"NaCl","L. Sicilis",1,"1/14/26",4,1100,5,24,5,1,"1"
"NaCl","L. Sicilis",1,"1/14/26",4,1100,5,47,5,1,"1"
"NaCl","L. Sicilis",1,"1/14/26",4,1100,5,71,5,1,"2"
"NaCl","L. Sicilis",1,"1/14/26",4,1100,5,95,5,1,"3"
"NaCl","L. Sicilis",1,"1/14/26",4,1100,5,119,5,1,"4"
"NaCl","L. Sicilis",1,"1/14/26",4,1200,5,0,5,1,"0"
"NaCl","L. Sicilis",1,"1/14/26",4,1200,5,24,5,1,"1"
"NaCl","L. Sicilis",1,"1/14/26",4,1200,5,47,5,1,"1"
"NaCl","L. Sicilis",1,"1/14/26",4,1200,5,71,5,1,"2"
"NaCl","L. Sicilis",1,"1/14/26",4,1200,5,95,5,1,"3"
"NaCl","L. Sicilis",1,"1/14/26",4,1200,5,119,5,1,"4"
"NaCl","L. Sicilis",1,"1/14/26",4,1300,5,0,5,1,"0"
"NaCl","L. Sicilis",1,"1/14/26",4,1300,5,24,5,1,"1"
"NaCl","L. Sicilis",1,"1/14/26",4,1300,5,47,5,1,"1"
"NaCl","L. Sicilis",1,"1/14/26",4,1300,5,71,5,1,"2"
"NaCl","L. Sicilis",1,"1/14/26",4,1300,5,95,4,0.8,"3"
"NaCl","L. Sicilis",1,"1/14/26",4,1300,5,119,4,0.8,"4"
"NaCl","L. Sicilis",1,"1/14/26",4,1400,5,0,5,1,"0"
"NaCl","L. Sicilis",1,"1/14/26",4,1400,5,24,5,1,"1"
"NaCl","L. Sicilis",1,"1/14/26",4,1400,5,47,5,1,"1"
"NaCl","L. Sicilis",1,"1/14/26",4,1400,5,71,4,0.8,"2"
"NaCl","L. Sicilis",1,"1/14/26",4,1400,5,95,4,0.8,"3"
"NaCl","L. Sicilis",1,"1/14/26",4,1400,5,119,4,0.8,"4"
"NaCl","L. Sicilis",1,"1/14/26",4,1500,5,0,5,1,"0"
"NaCl","L. Sicilis",1,"1/14/26",4,1500,5,24,5,1,"1"
"NaCl","L. Sicilis",1,"1/14/26",4,1500,5,47,5,1,"1"
"NaCl","L. Sicilis",1,"1/14/26",4,1500,5,71,5,1,"2"
"NaCl","L. Sicilis",1,"1/14/26",4,1500,5,95,5,1,"3"
"NaCl","L. Sicilis",1,"1/14/26",4,1500,5,119,5,1,"4"
"NaCl","L. Sicilis",1,"1/14/26",4,1600,5,0,5,1,"0"
"NaCl","L. Sicilis",1,"1/14/26",4,1600,5,24,5,1,"1"
"NaCl","L. Sicilis",1,"1/14/26",4,1600,5,47,4,0.8,"1"
"NaCl","L. Sicilis",1,"1/14/26",4,1600,5,71,4,0.8,"2"
"NaCl","L. Sicilis",1,"1/14/26",4,1600,5,95,4,0.8,"3"
"NaCl","L. Sicilis",1,"1/14/26",4,1600,5,119,3,0.6,"4"
"NaCl","L. Sicilis",1,"1/14/26",4,1700,5,0,5,1,"0"
"NaCl","L. Sicilis",1,"1/14/26",4,1700,5,24,5,1,"1"
"NaCl","L. Sicilis",1,"1/14/26",4,1700,5,47,5,1,"1"
"NaCl","L. Sicilis",1,"1/14/26",4,1700,5,71,3,0.6,"2"
"NaCl","L. Sicilis",1,"1/14/26",4,1700,5,95,2,0.4,"3"
"NaCl","L. Sicilis",1,"1/14/26",4,1700,5,119,1,0.2,"4"
"NaCl","L. Sicilis",1,"1/14/26",4,0,5,0,5,1,"0"
"NaCl","L. Sicilis",1,"1/14/26",4,0,5,24,5,1,"1"
"NaCl","L. Sicilis",1,"1/14/26",4,0,5,47,5,1,"1"
"NaCl","L. Sicilis",1,"1/14/26",4,0,5,71,5,1,"2"
"NaCl","L. Sicilis",1,"1/14/26",4,0,5,95,5,1,"3"
"NaCl","L. Sicilis",1,"1/14/26",4,0,5,119,5,1,"4"
"NaCl","L. Sicilis",1,"1/14/26",4,0,5,0,5,1,"0"
"NaCl","L. Sicilis",1,"1/14/26",4,0,5,24,5,1,"1"
"NaCl","L. Sicilis",1,"1/14/26",4,0,5,47,5,1,"1"
"NaCl","L. Sicilis",1,"1/14/26",4,0,5,71,5,1,"2"
"NaCl","L. Sicilis",1,"1/14/26",4,0,5,95,5,1,"3"
"NaCl","L. Sicilis",1,"1/14/26",4,0,5,119,5,1,"4"
"NaCl","L. Sicilis",2,"1/16/26",2,1000,5,0,5,1,"0"
"NaCl","L. Sicilis",2,"1/16/26",2,1000,5,24,5,1,"1"
"NaCl","L. Sicilis",2,"1/16/26",2,1000,5,48,5,1,"2"
"NaCl","L. Sicilis",2,"1/16/26",2,1000,5,72,5,1,"3"
"NaCl","L. Sicilis",2,"1/16/26",2,1000,5,98,5,1,"4"
"NaCl","L. Sicilis",2,"1/16/26",2,1000,5,120,5,1,"5"
"NaCl","L. Sicilis",2,"1/16/26",2,1100,5,0,5,1,"0"
"NaCl","L. Sicilis",2,"1/16/26",2,1100,5,24,5,1,"1"
"NaCl","L. Sicilis",2,"1/16/26",2,1100,5,48,5,1,"2"
"NaCl","L. Sicilis",2,"1/16/26",2,1100,5,72,5,1,"3"
"NaCl","L. Sicilis",2,"1/16/26",2,1100,5,98,5,1,"4"
"NaCl","L. Sicilis",2,"1/16/26",2,1100,5,120,5,1,"5"
"NaCl","L. Sicilis",2,"1/16/26",2,1200,5,0,5,1,"0"
"NaCl","L. Sicilis",2,"1/16/26",2,1200,5,24,5,1,"1"
"NaCl","L. Sicilis",2,"1/16/26",2,1200,5,48,5,1,"2"
"NaCl","L. Sicilis",2,"1/16/26",2,1200,5,72,5,1,"3"
"NaCl","L. Sicilis",2,"1/16/26",2,1200,5,98,5,1,"4"
"NaCl","L. Sicilis",2,"1/16/26",2,1200,5,120,5,1,"5"
"NaCl","L. Sicilis",2,"1/16/26",2,1300,5,0,5,1,"0"
"NaCl","L. Sicilis",2,"1/16/26",2,1300,5,24,4,0.8,"1"
"NaCl","L. Sicilis",2,"1/16/26",2,1300,5,48,3,0.6,"2"
"NaCl","L. Sicilis",2,"1/16/26",2,1300,5,72,3,0.6,"3"
"NaCl","L. Sicilis",2,"1/16/26",2,1300,5,98,3,0.6,"4"
"NaCl","L. Sicilis",2,"1/16/26",2,1300,5,120,3,0.6,"5"
"NaCl","L. Sicilis",2,"1/16/26",2,1400,5,0,5,1,"0"
"NaCl","L. Sicilis",2,"1/16/26",2,1400,5,24,5,1,"1"
"NaCl","L. Sicilis",2,"1/16/26",2,1400,5,48,5,1,"2"
"NaCl","L. Sicilis",2,"1/16/26",2,1400,5,72,5,1,"3"
"NaCl","L. Sicilis",2,"1/16/26",2,1400,5,98,4,0.8,"4"
"NaCl","L. Sicilis",2,"1/16/26",2,1400,5,120,3,0.6,"5"
"NaCl","L. Sicilis",2,"1/16/26",2,1500,5,0,5,1,"0"
"NaCl","L. Sicilis",2,"1/16/26",2,1500,5,24,4,0.8,"1"
"NaCl","L. Sicilis",2,"1/16/26",2,1500,5,48,4,0.8,"2"
"NaCl","L. Sicilis",2,"1/16/26",2,1500,5,72,3,0.6,"3"
"NaCl","L. Sicilis",2,"1/16/26",2,1500,5,98,2,0.4,"4"
"NaCl","L. Sicilis",2,"1/16/26",2,1500,5,120,2,0.4,"5"
"NaCl","L. Sicilis",2,"1/16/26",2,1600,5,0,5,1,"0"
"NaCl","L. Sicilis",2,"1/16/26",2,1600,5,24,5,1,"1"
"NaCl","L. Sicilis",2,"1/16/26",2,1600,5,48,4,0.8,"2"
"NaCl","L. Sicilis",2,"1/16/26",2,1600,5,72,4,0.8,"3"
"NaCl","L. Sicilis",2,"1/16/26",2,1600,5,98,3,0.6,"4"
"NaCl","L. Sicilis",2,"1/16/26",2,1600,5,120,3,0.6,"5"
"NaCl","L. Sicilis",2,"1/16/26",2,1700,5,0,5,1,"0"
"NaCl","L. Sicilis",2,"1/16/26",2,1700,5,24,5,1,"1"
"NaCl","L. Sicilis",2,"1/16/26",2,1700,5,48,5,1,"2"
"NaCl","L. Sicilis",2,"1/16/26",2,1700,5,72,5,1,"3"
"NaCl","L. Sicilis",2,"1/16/26",2,1700,5,98,5,1,"4"
"NaCl","L. Sicilis",2,"1/16/26",2,1700,5,120,2,0.4,"5"
"NaCl","L. Sicilis",2,"1/16/26",2,0,5,0,5,1,"0"
"NaCl","L. Sicilis",2,"1/16/26",2,0,5,24,5,1,"1"
"NaCl","L. Sicilis",2,"1/16/26",2,0,5,48,5,1,"2"
"NaCl","L. Sicilis",2,"1/16/26",2,0,5,72,5,1,"3"
"NaCl","L. Sicilis",2,"1/16/26",2,0,5,98,5,1,"4"
"NaCl","L. Sicilis",2,"1/16/26",2,0,5,120,5,1,"5"
"NaCl","L. Sicilis",2,"1/16/26",2,0,6,0,6,1,"0"
"NaCl","L. Sicilis",2,"1/16/26",2,0,6,24,6,1,"1"
"NaCl","L. Sicilis",2,"1/16/26",2,0,6,48,6,1,"2"
"NaCl","L. Sicilis",2,"1/16/26",2,0,6,72,6,1,"3"
"NaCl","L. Sicilis",2,"1/16/26",2,0,6,98,6,1,"4"
"NaCl","L. Sicilis",2,"1/16/26",2,0,6,120,6,1,"5"
"MgCl2","L. Sicilis",2,"1/23/26",0,1000,5,0,5,1,"0"
"MgCl2","L. Sicilis",2,"1/23/26",0,1000,5,24,5,1,"1"
"MgCl2","L. Sicilis",2,"1/23/26",0,1000,5,48,5,1,"2"
"MgCl2","L. Sicilis",2,"1/23/26",0,1000,5,75,5,1,"3"
"MgCl2","L. Sicilis",2,"1/23/26",0,1000,5,99,5,1,"4"
"MgCl2","L. Sicilis",2,"1/23/26",0,1000,5,123,5,1,"5"
"MgCl2","L. Sicilis",2,"1/23/26",0,1100,5,0,5,1,"0"
"MgCl2","L. Sicilis",2,"1/23/26",0,1100,5,24,4,0.8,"1"
"MgCl2","L. Sicilis",2,"1/23/26",0,1100,5,48,4,0.8,"2"
"MgCl2","L. Sicilis",2,"1/23/26",0,1100,5,75,4,0.8,"3"
"MgCl2","L. Sicilis",2,"1/23/26",0,1100,5,99,4,0.8,"4"
"MgCl2","L. Sicilis",2,"1/23/26",0,1100,5,123,4,0.8,"5"
"MgCl2","L. Sicilis",2,"1/23/26",0,1200,5,0,5,1,"0"
"MgCl2","L. Sicilis",2,"1/23/26",0,1200,5,24,5,1,"1"
"MgCl2","L. Sicilis",2,"1/23/26",0,1200,5,48,5,1,"2"
"MgCl2","L. Sicilis",2,"1/23/26",0,1200,5,75,5,1,"3"
"MgCl2","L. Sicilis",2,"1/23/26",0,1200,5,99,5,1,"4"
"MgCl2","L. Sicilis",2,"1/23/26",0,1200,5,123,5,1,"5"
"MgCl2","L. Sicilis",2,"1/23/26",0,1300,5,0,5,1,"0"
"MgCl2","L. Sicilis",2,"1/23/26",0,1300,5,24,5,1,"1"
"MgCl2","L. Sicilis",2,"1/23/26",0,1300,5,48,5,1,"2"
"MgCl2","L. Sicilis",2,"1/23/26",0,1300,5,75,5,1,"3"
"MgCl2","L. Sicilis",2,"1/23/26",0,1300,5,99,5,1,"4"
"MgCl2","L. Sicilis",2,"1/23/26",0,1300,5,123,5,1,"5"
"MgCl2","L. Sicilis",2,"1/23/26",0,1400,5,0,5,1,"0"
"MgCl2","L. Sicilis",2,"1/23/26",0,1400,5,24,5,1,"1"
"MgCl2","L. Sicilis",2,"1/23/26",0,1400,5,48,5,1,"2"
"MgCl2","L. Sicilis",2,"1/23/26",0,1400,5,75,5,1,"3"
"MgCl2","L. Sicilis",2,"1/23/26",0,1400,5,99,5,1,"4"
"MgCl2","L. Sicilis",2,"1/23/26",0,1400,5,123,5,1,"5"
"MgCl2","L. Sicilis",2,"1/23/26",0,1500,5,0,5,1,"0"
"MgCl2","L. Sicilis",2,"1/23/26",0,1500,5,24,5,1,"1"
"MgCl2","L. Sicilis",2,"1/23/26",0,1500,5,48,5,1,"2"
"MgCl2","L. Sicilis",2,"1/23/26",0,1500,5,75,5,1,"3"
"MgCl2","L. Sicilis",2,"1/23/26",0,1500,5,99,5,1,"4"
"MgCl2","L. Sicilis",2,"1/23/26",0,1500,5,123,5,1,"5"
"MgCl2","L. Sicilis",2,"1/23/26",0,1600,5,0,5,1,"0"
"MgCl2","L. Sicilis",2,"1/23/26",0,1600,5,24,4,0.8,"1"
"MgCl2","L. Sicilis",2,"1/23/26",0,1600,5,48,4,0.8,"2"
"MgCl2","L. Sicilis",2,"1/23/26",0,1600,5,75,4,0.8,"3"
"MgCl2","L. Sicilis",2,"1/23/26",0,1600,5,99,4,0.8,"4"
"MgCl2","L. Sicilis",2,"1/23/26",0,1600,5,123,4,0.8,"5"
"MgCl2","L. Sicilis",2,"1/23/26",0,1700,5,0,5,1,"0"
"MgCl2","L. Sicilis",2,"1/23/26",0,1700,5,24,5,1,"1"
"MgCl2","L. Sicilis",2,"1/23/26",0,1700,5,48,5,1,"2"
"MgCl2","L. Sicilis",2,"1/23/26",0,1700,5,75,5,1,"3"
"MgCl2","L. Sicilis",2,"1/23/26",0,1700,5,99,5,1,"4"
"MgCl2","L. Sicilis",2,"1/23/26",0,1700,5,123,5,1,"5"
"MgCl2","L. Sicilis",2,"1/23/26",0,0,5,0,5,1,"0"
"MgCl2","L. Sicilis",2,"1/23/26",0,0,5,24,5,1,"1"
"MgCl2","L. Sicilis",2,"1/23/26",0,0,5,48,5,1,"2"
"MgCl2","L. Sicilis",2,"1/23/26",0,0,5,75,5,1,"3"
"MgCl2","L. Sicilis",2,"1/23/26",0,0,5,99,5,1,"4"
"MgCl2","L. Sicilis",2,"1/23/26",0,0,5,123,5,1,"5"
"MgCl2","L. Sicilis",2,"1/23/26",0,0,5,0,5,1,"0"
"MgCl2","L. Sicilis",2,"1/23/26",0,0,5,24,5,1,"1"
"MgCl2","L. Sicilis",2,"1/23/26",0,0,5,48,5,1,"2"
"MgCl2","L. Sicilis",2,"1/23/26",0,0,5,75,5,1,"3"
"MgCl2","L. Sicilis",2,"1/23/26",0,0,5,99,5,1,"4"
"MgCl2","L. Sicilis",2,"1/23/26",0,0,5,123,5,1,"5"
"MgCl2","L. Sicilis",1,"1/30/26",0,1900,5,0,5,1,"0"
"MgCl2","L. Sicilis",1,"1/30/26",0,1900,5,25,5,1,"1"
"MgCl2","L. Sicilis",1,"1/30/26",0,1900,5,49,5,1,"2"
"MgCl2","L. Sicilis",1,"1/30/26",0,1900,5,73,5,1,"3"
"MgCl2","L. Sicilis",1,"1/30/26",0,1900,5,100,5,1,"4"
"MgCl2","L. Sicilis",1,"1/30/26",0,1900,5,121,5,1,"5"
"MgCl2","L. Sicilis",1,"1/30/26",0,2000,5,0,5,1,"0"
"MgCl2","L. Sicilis",1,"1/30/26",0,2000,5,25,5,1,"1"
"MgCl2","L. Sicilis",1,"1/30/26",0,2000,5,49,4,0.8,"2"
"MgCl2","L. Sicilis",1,"1/30/26",0,2000,5,73,3,0.6,"3"
"MgCl2","L. Sicilis",1,"1/30/26",0,2000,5,100,2,0.4,"4"
"MgCl2","L. Sicilis",1,"1/30/26",0,2000,5,121,2,0.4,"5"
"MgCl2","L. Sicilis",1,"1/30/26",0,2100,5,0,5,1,"0"
"MgCl2","L. Sicilis",1,"1/30/26",0,2100,5,25,3,0.6,"1"
"MgCl2","L. Sicilis",1,"1/30/26",0,2100,5,49,3,0.6,"2"
"MgCl2","L. Sicilis",1,"1/30/26",0,2100,5,73,3,0.6,"3"
"MgCl2","L. Sicilis",1,"1/30/26",0,2100,5,100,3,0.6,"4"
"MgCl2","L. Sicilis",1,"1/30/26",0,2100,5,121,1,0.2,"5"
"MgCl2","L. Sicilis",1,"1/30/26",0,2200,5,0,5,1,"0"
"MgCl2","L. Sicilis",1,"1/30/26",0,2200,5,25,4,0.8,"1"
"MgCl2","L. Sicilis",1,"1/30/26",0,2200,5,49,1,0.2,"2"
"MgCl2","L. Sicilis",1,"1/30/26",0,2200,5,73,1,0.2,"3"
"MgCl2","L. Sicilis",1,"1/30/26",0,2200,5,100,1,0.2,"4"
"MgCl2","L. Sicilis",1,"1/30/26",0,2200,5,121,1,0.2,"5"
"MgCl2","L. Sicilis",1,"1/30/26",0,2300,5,0,5,1,"0"
"MgCl2","L. Sicilis",1,"1/30/26",0,2300,5,25,5,1,"1"
"MgCl2","L. Sicilis",1,"1/30/26",0,2300,5,49,3,0.6,"2"
"MgCl2","L. Sicilis",1,"1/30/26",0,2300,5,73,2,0.4,"3"
"MgCl2","L. Sicilis",1,"1/30/26",0,2300,5,100,2,0.4,"4"
"MgCl2","L. Sicilis",1,"1/30/26",0,2300,5,121,0,0,"5"
"MgCl2","L. Sicilis",1,"1/30/26",0,2400,5,0,5,1,"0"
"MgCl2","L. Sicilis",1,"1/30/26",0,2400,5,25,3,0.6,"1"
"MgCl2","L. Sicilis",1,"1/30/26",0,2400,5,49,3,0.6,"2"
"MgCl2","L. Sicilis",1,"1/30/26",0,2400,5,73,2,0.4,"3"
"MgCl2","L. Sicilis",1,"1/30/26",0,2400,5,100,1,0.2,"4"
"MgCl2","L. Sicilis",1,"1/30/26",0,2400,5,121,1,0.2,"5"
"MgCl2","L. Sicilis",1,"1/30/26",0,2500,5,0,5,1,"0"
"MgCl2","L. Sicilis",1,"1/30/26",0,2500,5,25,3,0.6,"1"
"MgCl2","L. Sicilis",1,"1/30/26",0,2500,5,49,0,0,"2"
"MgCl2","L. Sicilis",1,"1/30/26",0,2500,5,73,0,0,"3"
"MgCl2","L. Sicilis",1,"1/30/26",0,2500,5,100,0,0,"4"
"MgCl2","L. Sicilis",1,"1/30/26",0,2500,5,121,0,0,"5"
"MgCl2","L. Sicilis",1,"1/30/26",0,2600,5,0,5,1,"0"
"MgCl2","L. Sicilis",1,"1/30/26",0,2600,5,25,1,0.2,"1"
"MgCl2","L. Sicilis",1,"1/30/26",0,2600,5,49,1,0.2,"2"
"MgCl2","L. Sicilis",1,"1/30/26",0,2600,5,73,0,0,"3"
"MgCl2","L. Sicilis",1,"1/30/26",0,2600,5,100,0,0,"4"
"MgCl2","L. Sicilis",1,"1/30/26",0,2600,5,121,0,0,"5"
"MgCl2","L. Sicilis",1,"1/30/26",0,0,5,0,5,1,"0"
"MgCl2","L. Sicilis",1,"1/30/26",0,0,5,25,5,1,"1"
"MgCl2","L. Sicilis",1,"1/30/26",0,0,5,49,5,1,"2"
"MgCl2","L. Sicilis",1,"1/30/26",0,0,5,73,5,1,"3"
"MgCl2","L. Sicilis",1,"1/30/26",0,0,5,100,5,1,"4"
"MgCl2","L. Sicilis",1,"1/30/26",0,0,5,121,5,1,"5"
"MgCl2","L. Sicilis",1,"1/30/26",0,0,5,0,5,1,"0"
"MgCl2","L. Sicilis",1,"1/30/26",0,0,5,25,5,1,"1"
"MgCl2","L. Sicilis",1,"1/30/26",0,0,5,49,5,1,"2"
"MgCl2","L. Sicilis",1,"1/30/26",0,0,5,73,5,1,"3"
"MgCl2","L. Sicilis",1,"1/30/26",0,0,5,100,5,1,"4"
"MgCl2","L. Sicilis",1,"1/30/26",0,0,5,121,5,1,"5"
"MgCl2","L. Sicilis",3,"2/9/26",0,2000,5,0,5,1,"0"
"MgCl2","L. Sicilis",3,"2/9/26",0,2000,5,24,4,0.8,"1"
"MgCl2","L. Sicilis",3,"2/9/26",0,2000,5,49,4,0.8,"2"
"MgCl2","L. Sicilis",3,"2/9/26",0,2000,5,72,4,0.8,"3"
"MgCl2","L. Sicilis",3,"2/9/26",0,2000,5,97,4,0.8,"4"
"MgCl2","L. Sicilis",3,"2/9/26",0,2000,5,121,4,0.8,"5"
"MgCl2","L. Sicilis",3,"2/9/26",0,2100,5,0,5,1,"0"
"MgCl2","L. Sicilis",3,"2/9/26",0,2100,5,24,3,0.6,"1"
"MgCl2","L. Sicilis",3,"2/9/26",0,2100,5,49,3,0.6,"2"
"MgCl2","L. Sicilis",3,"2/9/26",0,2100,5,72,3,0.6,"3"
"MgCl2","L. Sicilis",3,"2/9/26",0,2100,5,97,3,0.6,"4"
"MgCl2","L. Sicilis",3,"2/9/26",0,2100,5,121,3,0.6,"5"
"MgCl2","L. Sicilis",3,"2/9/26",0,0,5,0,5,1,"0"
"MgCl2","L. Sicilis",3,"2/9/26",0,0,5,24,5,1,"1"
"MgCl2","L. Sicilis",3,"2/9/26",0,0,5,49,5,1,"2"
"MgCl2","L. Sicilis",3,"2/9/26",0,0,5,72,5,1,"3"
"MgCl2","L. Sicilis",3,"2/9/26",0,0,5,97,5,1,"4"
"MgCl2","L. Sicilis",3,"2/9/26",0,0,5,121,5,1,"5"
"NaCl","L. Sicilis",1,"2/20/26",0,2400,4,0,4,1,"0"
"NaCl","L. Sicilis",1,"2/20/26",0,2400,4,24,4,1,"1"
"NaCl","L. Sicilis",1,"2/20/26",0,2400,4,48,3,0.75,"2"
"NaCl","L. Sicilis",1,"2/20/26",0,2400,4,71,3,0.75,"2"
"NaCl","L. Sicilis",1,"2/20/26",0,2400,4,95,3,0.75,"3"
"NaCl","L. Sicilis",1,"2/20/26",0,2400,4,119,3,0.75,"4"
"NaCl","L. Sicilis",1,"2/20/26",0,0,4,0,4,1,"0"
"NaCl","L. Sicilis",1,"2/20/26",0,0,4,24,4,1,"1"
"NaCl","L. Sicilis",1,"2/20/26",0,0,4,48,4,1,"2"
"NaCl","L. Sicilis",1,"2/20/26",0,0,4,71,4,1,"2"
"NaCl","L. Sicilis",1,"2/20/26",0,0,4,95,4,1,"3"
"NaCl","L. Sicilis",1,"2/20/26",0,0,4,119,4,1,"4"
"NaCl","L. Sicilis",2,"2/23/26",0,2500,4,0,4,1,"0"
"NaCl","L. Sicilis",2,"2/23/26",0,2500,4,24,4,1,"1"
"NaCl","L. Sicilis",2,"2/23/26",0,2500,4,48,4,1,"2"
"NaCl","L. Sicilis",2,"2/23/26",0,2500,4,73,3,0.75,"3"
"NaCl","L. Sicilis",2,"2/23/26",0,2500,4,96,2,0.5,"4"
"NaCl","L. Sicilis",2,"2/23/26",0,2500,4,120,1,0.25,"5"
"NaCl","L. Sicilis",2,"2/23/26",0,0,4,0,4,1,"0"
"NaCl","L. Sicilis",2,"2/23/26",0,0,4,24,4,1,"1"
"NaCl","L. Sicilis",2,"2/23/26",0,0,4,48,4,1,"2"
"NaCl","L. Sicilis",2,"2/23/26",0,0,4,73,4,1,"3"
"NaCl","L. Sicilis",2,"2/23/26",0,0,4,96,4,1,"4"
"NaCl","L. Sicilis",2,"2/23/26",0,0,4,120,4,1,"5"
"NaCl","L. Sicilis",1,"3/16/26",2,1900,5,0,5,1,"0"
"NaCl","L. Sicilis",1,"3/16/26",2,1900,5,25,5,1,"1"
"NaCl","L. Sicilis",1,"3/16/26",2,1900,5,47,5,1,"1"
"NaCl","L. Sicilis",1,"3/16/26",2,1900,5,71,5,1,"2"
"NaCl","L. Sicilis",1,"3/16/26",2,1900,5,95,5,1,"3"
"NaCl","L. Sicilis",1,"3/16/26",2,1900,5,143,5,1,"5"
"NaCl","L. Sicilis",1,"3/16/26",2,2000,5,0,5,1,"0"
"NaCl","L. Sicilis",1,"3/16/26",2,2000,5,25,5,1,"1"
"NaCl","L. Sicilis",1,"3/16/26",2,2000,5,47,5,1,"1"
"NaCl","L. Sicilis",1,"3/16/26",2,2000,5,71,5,1,"2"
"NaCl","L. Sicilis",1,"3/16/26",2,2000,5,95,5,1,"3"
"NaCl","L. Sicilis",1,"3/16/26",2,2000,5,143,5,1,"5"
"NaCl","L. Sicilis",1,"3/16/26",2,2100,5,0,5,1,"0"
"NaCl","L. Sicilis",1,"3/16/26",2,2100,5,25,5,1,"1"
"NaCl","L. Sicilis",1,"3/16/26",2,2100,5,47,5,1,"1"
"NaCl","L. Sicilis",1,"3/16/26",2,2100,5,71,5,1,"2"
"NaCl","L. Sicilis",1,"3/16/26",2,2100,5,95,5,1,"3"
"NaCl","L. Sicilis",1,"3/16/26",2,2100,5,143,5,1,"5"
"NaCl","L. Sicilis",1,"3/16/26",2,2200,5,0,5,1,"0"
"NaCl","L. Sicilis",1,"3/16/26",2,2200,5,25,5,1,"1"
"NaCl","L. Sicilis",1,"3/16/26",2,2200,5,47,5,1,"1"
"NaCl","L. Sicilis",1,"3/16/26",2,2200,5,71,5,1,"2"
"NaCl","L. Sicilis",1,"3/16/26",2,2200,5,95,5,1,"3"
"NaCl","L. Sicilis",1,"3/16/26",2,2200,5,143,5,1,"5"
"NaCl","L. Sicilis",1,"3/16/26",2,2300,5,0,5,1,"0"
"NaCl","L. Sicilis",1,"3/16/26",2,2300,5,25,5,1,"1"
"NaCl","L. Sicilis",1,"3/16/26",2,2300,5,47,5,1,"1"
"NaCl","L. Sicilis",1,"3/16/26",2,2300,5,71,5,1,"2"
"NaCl","L. Sicilis",1,"3/16/26",2,2300,5,95,5,1,"3"
"NaCl","L. Sicilis",1,"3/16/26",2,2300,5,143,4,0.8,"5"
"NaCl","L. Sicilis",1,"3/16/26",2,2400,5,0,5,1,"0"
"NaCl","L. Sicilis",1,"3/16/26",2,2400,5,25,5,1,"1"
"NaCl","L. Sicilis",1,"3/16/26",2,2400,5,47,5,1,"1"
"NaCl","L. Sicilis",1,"3/16/26",2,2400,5,71,5,1,"2"
"NaCl","L. Sicilis",1,"3/16/26",2,2400,5,95,4,0.8,"3"
"NaCl","L. Sicilis",1,"3/16/26",2,2400,5,143,4,0.8,"5"
"NaCl","L. Sicilis",1,"3/16/26",2,2500,5,0,5,1,"0"
"NaCl","L. Sicilis",1,"3/16/26",2,2500,5,25,5,1,"1"
"NaCl","L. Sicilis",1,"3/16/26",2,2500,5,47,5,1,"1"
"NaCl","L. Sicilis",1,"3/16/26",2,2500,5,71,5,1,"2"
"NaCl","L. Sicilis",1,"3/16/26",2,2500,5,95,5,1,"3"
"NaCl","L. Sicilis",1,"3/16/26",2,2500,5,143,5,1,"5"
"NaCl","L. Sicilis",1,"3/16/26",2,2600,5,0,5,1,"0"
"NaCl","L. Sicilis",1,"3/16/26",2,2600,5,25,5,1,"1"
"NaCl","L. Sicilis",1,"3/16/26",2,2600,5,47,5,1,"1"
"NaCl","L. Sicilis",1,"3/16/26",2,2600,5,71,5,1,"2"
"NaCl","L. Sicilis",1,"3/16/26",2,2600,5,95,3,0.6,"3"
"NaCl","L. Sicilis",1,"3/16/26",2,2600,5,143,2,0.4,"5"
"NaCl","L. Sicilis",1,"3/16/26",2,0,5,0,5,1,"0"
"NaCl","L. Sicilis",1,"3/16/26",2,0,5,25,5,1,"1"
"NaCl","L. Sicilis",1,"3/16/26",2,0,5,47,5,1,"1"
"NaCl","L. Sicilis",1,"3/16/26",2,0,5,71,5,1,"2"
"NaCl","L. Sicilis",1,"3/16/26",2,0,5,95,5,1,"3"
"NaCl","L. Sicilis",1,"3/16/26",2,0,5,143,5,1,"5"
"NaCl","L. Sicilis",1,"3/16/26",2,0,5,0,5,1,"0"
"NaCl","L. Sicilis",1,"3/16/26",2,0,5,25,5,1,"1"
"NaCl","L. Sicilis",1,"3/16/26",2,0,5,47,5,1,"1"
"NaCl","L. Sicilis",1,"3/16/26",2,0,5,71,5,1,"2"
"NaCl","L. Sicilis",1,"3/16/26",2,0,5,95,5,1,"3"
"NaCl","L. Sicilis",1,"3/16/26",2,0,5,143,5,1,"5"
"MgCl2","L. Sicilis",3,"3/18/26",0,1900,5,0,5,1,"0"
"MgCl2","L. Sicilis",3,"3/18/26",0,1900,5,26,5,1,"1"
"MgCl2","L. Sicilis",3,"3/18/26",0,1900,5,49,5,1,"2"
"MgCl2","L. Sicilis",3,"3/18/26",0,1900,5,74,5,1,"3"
"MgCl2","L. Sicilis",3,"3/18/26",0,1900,5,98,5,1,"4"
"MgCl2","L. Sicilis",3,"3/18/26",0,1900,5,121,5,1,"5"
"MgCl2","L. Sicilis",3,"3/18/26",0,2000,5,0,5,1,"0"
"MgCl2","L. Sicilis",3,"3/18/26",0,2000,5,26,4,0.8,"1"
"MgCl2","L. Sicilis",3,"3/18/26",0,2000,5,49,4,0.8,"2"
"MgCl2","L. Sicilis",3,"3/18/26",0,2000,5,74,4,0.8,"3"
"MgCl2","L. Sicilis",3,"3/18/26",0,2000,5,98,4,0.8,"4"
"MgCl2","L. Sicilis",3,"3/18/26",0,2000,5,121,4,0.8,"5"
"MgCl2","L. Sicilis",3,"3/18/26",0,2100,5,0,5,1,"0"
"MgCl2","L. Sicilis",3,"3/18/26",0,2100,5,26,4,0.8,"1"
"MgCl2","L. Sicilis",3,"3/18/26",0,2100,5,49,4,0.8,"2"
"MgCl2","L. Sicilis",3,"3/18/26",0,2100,5,74,4,0.8,"3"
"MgCl2","L. Sicilis",3,"3/18/26",0,2100,5,98,3,0.6,"4"
"MgCl2","L. Sicilis",3,"3/18/26",0,2100,5,121,4,0.8,"5"
"MgCl2","L. Sicilis",3,"3/18/26",0,2200,5,0,5,1,"0"
"MgCl2","L. Sicilis",3,"3/18/26",0,2200,5,26,4,0.8,"1"
"MgCl2","L. Sicilis",3,"3/18/26",0,2200,5,49,3,0.6,"2"
"MgCl2","L. Sicilis",3,"3/18/26",0,2200,5,74,3,0.6,"3"
"MgCl2","L. Sicilis",3,"3/18/26",0,2200,5,98,3,0.6,"4"
"MgCl2","L. Sicilis",3,"3/18/26",0,2200,5,121,3,0.6,"5"
"MgCl2","L. Sicilis",3,"3/18/26",0,2300,5,0,5,1,"0"
"MgCl2","L. Sicilis",3,"3/18/26",0,2300,5,26,2,0.4,"1"
"MgCl2","L. Sicilis",3,"3/18/26",0,2300,5,49,2,0.4,"2"
"MgCl2","L. Sicilis",3,"3/18/26",0,2300,5,74,2,0.4,"3"
"MgCl2","L. Sicilis",3,"3/18/26",0,2300,5,98,1,0.2,"4"
"MgCl2","L. Sicilis",3,"3/18/26",0,2300,5,121,2,0.4,"5"
"MgCl2","L. Sicilis",3,"3/18/26",0,2400,5,0,5,1,"0"
"MgCl2","L. Sicilis",3,"3/18/26",0,2400,5,26,4,0.8,"1"
"MgCl2","L. Sicilis",3,"3/18/26",0,2400,5,49,3,0.6,"2"
"MgCl2","L. Sicilis",3,"3/18/26",0,2400,5,74,3,0.6,"3"
"MgCl2","L. Sicilis",3,"3/18/26",0,2400,5,98,3,0.6,"4"
"MgCl2","L. Sicilis",3,"3/18/26",0,2400,5,121,3,0.6,"5"
"MgCl2","L. Sicilis",3,"3/18/26",0,2500,5,0,5,1,"0"
"MgCl2","L. Sicilis",3,"3/18/26",0,2500,5,26,3,0.6,"1"
"MgCl2","L. Sicilis",3,"3/18/26",0,2500,5,49,3,0.6,"2"
"MgCl2","L. Sicilis",3,"3/18/26",0,2500,5,74,3,0.6,"3"
"MgCl2","L. Sicilis",3,"3/18/26",0,2500,5,98,2,0.4,"4"
"MgCl2","L. Sicilis",3,"3/18/26",0,2500,5,121,3,0.6,"5"
"MgCl2","L. Sicilis",3,"3/18/26",0,2600,5,0,5,1,"0"
"MgCl2","L. Sicilis",3,"3/18/26",0,2600,5,26,1,0.2,"1"
"MgCl2","L. Sicilis",3,"3/18/26",0,2600,5,49,1,0.2,"2"
"MgCl2","L. Sicilis",3,"3/18/26",0,2600,5,74,1,0.2,"3"
"MgCl2","L. Sicilis",3,"3/18/26",0,2600,5,98,1,0.2,"4"
"MgCl2","L. Sicilis",3,"3/18/26",0,2600,5,121,1,0.2,"5"
"MgCl2","L. Sicilis",3,"3/18/26",0,0,5,0,5,1,"0"
"MgCl2","L. Sicilis",3,"3/18/26",0,0,5,26,5,1,"1"
"MgCl2","L. Sicilis",3,"3/18/26",0,0,5,49,5,1,"2"
"MgCl2","L. Sicilis",3,"3/18/26",0,0,5,74,5,1,"3"
"MgCl2","L. Sicilis",3,"3/18/26",0,0,5,98,5,1,"4"
"MgCl2","L. Sicilis",3,"3/18/26",0,0,5,121,5,1,"5"
"MgCl2","L. Sicilis",3,"3/18/26",0,0,5,0,5,1,"0"
"MgCl2","L. Sicilis",3,"3/18/26",0,0,5,26,5,1,"1"
"MgCl2","L. Sicilis",3,"3/18/26",0,0,5,49,5,1,"2"
"MgCl2","L. Sicilis",3,"3/18/26",0,0,5,74,5,1,"3"
"MgCl2","L. Sicilis",3,"3/18/26",0,0,5,98,5,1,"4"
"MgCl2","L. Sicilis",3,"3/18/26",0,0,5,121,5,1,"5"
"NaCl","L. Sicilis",2,"3/18/26",0,1900,6,0,6,1,"0"
"NaCl","L. Sicilis",2,"3/18/26",0,1900,6,22,6,1,"0"
"NaCl","L. Sicilis",2,"3/18/26",0,1900,6,44,6,1,"1"
"NaCl","L. Sicilis",2,"3/18/26",0,1900,6,69,6,1,"2"
"NaCl","L. Sicilis",2,"3/18/26",0,1900,6,93,5,0.833333333333333,"3"
"NaCl","L. Sicilis",2,"3/18/26",0,1900,6,116,6,1,"4"
"NaCl","L. Sicilis",2,"3/18/26",0,2000,5,0,5,1,"0"
"NaCl","L. Sicilis",2,"3/18/26",0,2000,5,22,5,1,"0"
"NaCl","L. Sicilis",2,"3/18/26",0,2000,5,44,5,1,"1"
"NaCl","L. Sicilis",2,"3/18/26",0,2000,5,69,5,1,"2"
"NaCl","L. Sicilis",2,"3/18/26",0,2000,5,93,5,1,"3"
"NaCl","L. Sicilis",2,"3/18/26",0,2000,5,116,5,1,"4"
"NaCl","L. Sicilis",2,"3/18/26",0,2100,5,0,5,1,"0"
"NaCl","L. Sicilis",2,"3/18/26",0,2100,5,22,5,1,"0"
"NaCl","L. Sicilis",2,"3/18/26",0,2100,5,44,5,1,"1"
"NaCl","L. Sicilis",2,"3/18/26",0,2100,5,69,5,1,"2"
"NaCl","L. Sicilis",2,"3/18/26",0,2100,5,93,5,1,"3"
"NaCl","L. Sicilis",2,"3/18/26",0,2100,5,116,5,1,"4"
"NaCl","L. Sicilis",2,"3/18/26",0,2200,5,0,5,1,"0"
"NaCl","L. Sicilis",2,"3/18/26",0,2200,5,22,5,1,"0"
"NaCl","L. Sicilis",2,"3/18/26",0,2200,5,44,5,1,"1"
"NaCl","L. Sicilis",2,"3/18/26",0,2200,5,69,5,1,"2"
"NaCl","L. Sicilis",2,"3/18/26",0,2200,5,93,5,1,"3"
"NaCl","L. Sicilis",2,"3/18/26",0,2200,5,116,4,0.8,"4"
"NaCl","L. Sicilis",2,"3/18/26",0,2300,5,0,5,1,"0"
"NaCl","L. Sicilis",2,"3/18/26",0,2300,5,22,5,1,"0"
"NaCl","L. Sicilis",2,"3/18/26",0,2300,5,44,5,1,"1"
"NaCl","L. Sicilis",2,"3/18/26",0,2300,5,69,5,1,"2"
"NaCl","L. Sicilis",2,"3/18/26",0,2300,5,93,3,0.6,"3"
"NaCl","L. Sicilis",2,"3/18/26",0,2300,5,116,2,0.4,"4"
"NaCl","L. Sicilis",2,"3/18/26",0,2400,5,0,5,1,"0"
"NaCl","L. Sicilis",2,"3/18/26",0,2400,5,22,5,1,"0"
"NaCl","L. Sicilis",2,"3/18/26",0,2400,5,44,5,1,"1"
"NaCl","L. Sicilis",2,"3/18/26",0,2400,5,69,5,1,"2"
"NaCl","L. Sicilis",2,"3/18/26",0,2400,5,93,3,0.6,"3"
"NaCl","L. Sicilis",2,"3/18/26",0,2400,5,116,1,0.2,"4"
"NaCl","L. Sicilis",2,"3/18/26",0,2500,5,0,5,1,"0"
"NaCl","L. Sicilis",2,"3/18/26",0,2500,5,22,5,1,"0"
"NaCl","L. Sicilis",2,"3/18/26",0,2500,5,44,5,1,"1"
"NaCl","L. Sicilis",2,"3/18/26",0,2500,5,69,5,1,"2"
"NaCl","L. Sicilis",2,"3/18/26",0,2500,5,93,4,0.8,"3"
"NaCl","L. Sicilis",2,"3/18/26",0,2500,5,116,2,0.4,"4"
"NaCl","L. Sicilis",2,"3/18/26",0,2600,5,0,5,1,"0"
"NaCl","L. Sicilis",2,"3/18/26",0,2600,5,22,5,1,"0"
"NaCl","L. Sicilis",2,"3/18/26",0,2600,5,44,5,1,"1"
"NaCl","L. Sicilis",2,"3/18/26",0,2600,5,69,4,0.8,"2"
"NaCl","L. Sicilis",2,"3/18/26",0,2600,5,93,4,0.8,"3"
"NaCl","L. Sicilis",2,"3/18/26",0,2600,5,116,2,0.4,"4"
"NaCl","L. Sicilis",2,"3/18/26",0,0,5,0,5,1,"0"
"NaCl","L. Sicilis",2,"3/18/26",0,0,5,22,5,1,"0"
"NaCl","L. Sicilis",2,"3/18/26",0,0,5,44,5,1,"1"
"NaCl","L. Sicilis",2,"3/18/26",0,0,5,69,5,1,"2"
"NaCl","L. Sicilis",2,"3/18/26",0,0,5,93,5,1,"3"
"NaCl","L. Sicilis",2,"3/18/26",0,0,5,116,5,1,"4"
"NaCl","L. Sicilis",2,"3/18/26",0,0,5,0,5,1,"0"
"NaCl","L. Sicilis",2,"3/18/26",0,0,5,22,5,1,"0"
"NaCl","L. Sicilis",2,"3/18/26",0,0,5,44,5,1,"1"
"NaCl","L. Sicilis",2,"3/18/26",0,0,5,69,5,1,"2"
"NaCl","L. Sicilis",2,"3/18/26",0,0,5,93,5,1,"3"
"NaCl","L. Sicilis",2,"3/18/26",0,0,5,116,5,1,"4"
"NaCl","L. Sicilis",4,"3/25/26",1,1900,5,0,5,1,"0"
"NaCl","L. Sicilis",4,"3/25/26",1,1900,5,25,5,1,"1"
"NaCl","L. Sicilis",4,"3/25/26",1,1900,5,48,5,1,"2"
"NaCl","L. Sicilis",4,"3/25/26",1,1900,5,72,NA,NA,"3"
"NaCl","L. Sicilis",4,"3/25/26",1,1900,5,96,5,1,"4"
"NaCl","L. Sicilis",4,"3/25/26",1,1900,5,119,5,1,"4"
"NaCl","L. Sicilis",4,"3/25/26",1,2000,5,0,5,1,"0"
"NaCl","L. Sicilis",4,"3/25/26",1,2000,5,25,5,1,"1"
"NaCl","L. Sicilis",4,"3/25/26",1,2000,5,48,5,1,"2"
"NaCl","L. Sicilis",4,"3/25/26",1,2000,5,72,NA,NA,"3"
"NaCl","L. Sicilis",4,"3/25/26",1,2000,5,96,5,1,"4"
"NaCl","L. Sicilis",4,"3/25/26",1,2000,5,119,4,0.8,"4"
"NaCl","L. Sicilis",4,"3/25/26",1,2100,5,0,5,1,"0"
"NaCl","L. Sicilis",4,"3/25/26",1,2100,5,25,5,1,"1"
"NaCl","L. Sicilis",4,"3/25/26",1,2100,5,48,5,1,"2"
"NaCl","L. Sicilis",4,"3/25/26",1,2100,5,72,NA,NA,"3"
"NaCl","L. Sicilis",4,"3/25/26",1,2100,5,96,5,1,"4"
"NaCl","L. Sicilis",4,"3/25/26",1,2100,5,119,5,1,"4"
"NaCl","L. Sicilis",4,"3/25/26",1,2200,5,0,5,1,"0"
"NaCl","L. Sicilis",4,"3/25/26",1,2200,5,25,5,1,"1"
"NaCl","L. Sicilis",4,"3/25/26",1,2200,5,48,5,1,"2"
"NaCl","L. Sicilis",4,"3/25/26",1,2200,5,72,NA,NA,"3"
"NaCl","L. Sicilis",4,"3/25/26",1,2200,5,96,5,1,"4"
"NaCl","L. Sicilis",4,"3/25/26",1,2200,5,119,5,1,"4"
"NaCl","L. Sicilis",4,"3/25/26",1,2300,5,0,5,1,"0"
"NaCl","L. Sicilis",4,"3/25/26",1,2300,5,25,5,1,"1"
"NaCl","L. Sicilis",4,"3/25/26",1,2300,5,48,5,1,"2"
"NaCl","L. Sicilis",4,"3/25/26",1,2300,5,72,NA,NA,"3"
"NaCl","L. Sicilis",4,"3/25/26",1,2300,5,96,5,1,"4"
"NaCl","L. Sicilis",4,"3/25/26",1,2300,5,119,4,0.8,"4"
"NaCl","L. Sicilis",4,"3/25/26",1,2400,5,0,5,1,"0"
"NaCl","L. Sicilis",4,"3/25/26",1,2400,5,25,5,1,"1"
"NaCl","L. Sicilis",4,"3/25/26",1,2400,5,48,5,1,"2"
"NaCl","L. Sicilis",4,"3/25/26",1,2400,5,72,NA,NA,"3"
"NaCl","L. Sicilis",4,"3/25/26",1,2400,5,96,4,0.8,"4"
"NaCl","L. Sicilis",4,"3/25/26",1,2400,5,119,3,0.6,"4"
"NaCl","L. Sicilis",4,"3/25/26",1,2500,5,0,5,1,"0"
"NaCl","L. Sicilis",4,"3/25/26",1,2500,5,25,5,1,"1"
"NaCl","L. Sicilis",4,"3/25/26",1,2500,5,48,5,1,"2"
"NaCl","L. Sicilis",4,"3/25/26",1,2500,5,72,NA,NA,"3"
"NaCl","L. Sicilis",4,"3/25/26",1,2500,5,96,3,0.6,"4"
"NaCl","L. Sicilis",4,"3/25/26",1,2500,5,119,2,0.4,"4"
"NaCl","L. Sicilis",4,"3/25/26",1,2600,5,0,5,1,"0"
"NaCl","L. Sicilis",4,"3/25/26",1,2600,5,25,5,1,"1"
"NaCl","L. Sicilis",4,"3/25/26",1,2600,5,48,5,1,"2"
"NaCl","L. Sicilis",4,"3/25/26",1,2600,5,72,NA,NA,"3"
"NaCl","L. Sicilis",4,"3/25/26",1,2600,5,96,4,0.8,"4"
"NaCl","L. Sicilis",4,"3/25/26",1,2600,5,119,4,0.8,"4"
"NaCl","L. Sicilis",4,"3/25/26",1,0,5,0,5,1,"0"
"NaCl","L. Sicilis",4,"3/25/26",1,0,5,25,5,1,"1"
"NaCl","L. Sicilis",4,"3/25/26",1,0,5,48,5,1,"2"
"NaCl","L. Sicilis",4,"3/25/26",1,0,5,72,NA,NA,"3"
"NaCl","L. Sicilis",4,"3/25/26",1,0,5,96,5,1,"4"
"NaCl","L. Sicilis",4,"3/25/26",1,0,5,119,5,1,"4"
"NaCl","L. Sicilis",4,"3/25/26",1,0,5,0,5,1,"0"
"NaCl","L. Sicilis",4,"3/25/26",1,0,5,25,5,1,"1"
"NaCl","L. Sicilis",4,"3/25/26",1,0,5,48,5,1,"2"
"NaCl","L. Sicilis",4,"3/25/26",1,0,5,72,NA,NA,"3"
"NaCl","L. Sicilis",4,"3/25/26",1,0,5,96,5,1,"4"
"NaCl","L. Sicilis",4,"3/25/26",1,0,5,119,5,1,"4"
"MgCl2","L. Sicilis",4,"3/25/26",1,1900,5,0,5,1,"0"
"MgCl2","L. Sicilis",4,"3/25/26",1,1900,5,22,4,0.8,"0"
"MgCl2","L. Sicilis",4,"3/25/26",1,1900,5,44,4,0.8,"1"
"MgCl2","L. Sicilis",4,"3/25/26",1,1900,5,72,NA,NA,"3"
"MgCl2","L. Sicilis",4,"3/25/26",1,1900,5,92,3,0.6,"3"
"MgCl2","L. Sicilis",4,"3/25/26",1,1900,5,115,3,0.6,"4"
"MgCl2","L. Sicilis",4,"3/25/26",1,2000,5,0,5,1,"0"
"MgCl2","L. Sicilis",4,"3/25/26",1,2000,5,22,5,1,"0"
"MgCl2","L. Sicilis",4,"3/25/26",1,2000,5,44,5,1,"1"
"MgCl2","L. Sicilis",4,"3/25/26",1,2000,5,72,NA,NA,"3"
"MgCl2","L. Sicilis",4,"3/25/26",1,2000,5,92,5,1,"3"
"MgCl2","L. Sicilis",4,"3/25/26",1,2000,5,115,5,1,"4"
"MgCl2","L. Sicilis",4,"3/25/26",1,2100,5,0,5,1,"0"
"MgCl2","L. Sicilis",4,"3/25/26",1,2100,5,22,4,0.8,"0"
"MgCl2","L. Sicilis",4,"3/25/26",1,2100,5,44,3,0.6,"1"
"MgCl2","L. Sicilis",4,"3/25/26",1,2100,5,72,NA,NA,"3"
"MgCl2","L. Sicilis",4,"3/25/26",1,2100,5,92,3,0.6,"3"
"MgCl2","L. Sicilis",4,"3/25/26",1,2100,5,115,3,0.6,"4"
"MgCl2","L. Sicilis",4,"3/25/26",1,2200,5,0,5,1,"0"
"MgCl2","L. Sicilis",4,"3/25/26",1,2200,5,22,2,0.4,"0"
"MgCl2","L. Sicilis",4,"3/25/26",1,2200,5,44,2,0.4,"1"
"MgCl2","L. Sicilis",4,"3/25/26",1,2200,5,72,NA,NA,"3"
"MgCl2","L. Sicilis",4,"3/25/26",1,2200,5,92,2,0.4,"3"
"MgCl2","L. Sicilis",4,"3/25/26",1,2200,5,115,2,0.4,"4"
"MgCl2","L. Sicilis",4,"3/25/26",1,2300,4,0,4,1,"0"
"MgCl2","L. Sicilis",4,"3/25/26",1,2300,4,22,3,0.75,"0"
"MgCl2","L. Sicilis",4,"3/25/26",1,2300,4,44,2,0.5,"1"
"MgCl2","L. Sicilis",4,"3/25/26",1,2300,4,72,NA,NA,"3"
"MgCl2","L. Sicilis",4,"3/25/26",1,2300,4,92,2,0.5,"3"
"MgCl2","L. Sicilis",4,"3/25/26",1,2300,4,115,2,0.5,"4"
"MgCl2","L. Sicilis",4,"3/25/26",1,2400,5,0,5,1,"0"
"MgCl2","L. Sicilis",4,"3/25/26",1,2400,5,22,2,0.4,"0"
"MgCl2","L. Sicilis",4,"3/25/26",1,2400,5,44,2,0.4,"1"
"MgCl2","L. Sicilis",4,"3/25/26",1,2400,5,72,NA,NA,"3"
"MgCl2","L. Sicilis",4,"3/25/26",1,2400,5,92,2,0.4,"3"
"MgCl2","L. Sicilis",4,"3/25/26",1,2400,5,115,2,0.4,"4"
"MgCl2","L. Sicilis",4,"3/25/26",1,2500,5,0,5,1,"0"
"MgCl2","L. Sicilis",4,"3/25/26",1,2500,5,22,3,0.6,"0"
"MgCl2","L. Sicilis",4,"3/25/26",1,2500,5,44,3,0.6,"1"
"MgCl2","L. Sicilis",4,"3/25/26",1,2500,5,72,NA,NA,"3"
"MgCl2","L. Sicilis",4,"3/25/26",1,2500,5,92,3,0.6,"3"
"MgCl2","L. Sicilis",4,"3/25/26",1,2500,5,115,3,0.6,"4"
"MgCl2","L. Sicilis",4,"3/25/26",1,2600,4,0,4,1,"0"
"MgCl2","L. Sicilis",4,"3/25/26",1,2600,4,22,2,0.5,"0"
"MgCl2","L. Sicilis",4,"3/25/26",1,2600,4,44,2,0.5,"1"
"MgCl2","L. Sicilis",4,"3/25/26",1,2600,4,72,NA,NA,"3"
"MgCl2","L. Sicilis",4,"3/25/26",1,2600,4,92,2,0.5,"3"
"MgCl2","L. Sicilis",4,"3/25/26",1,2600,4,115,2,0.5,"4"
"MgCl2","L. Sicilis",4,"3/25/26",1,0,5,0,5,1,"0"
"MgCl2","L. Sicilis",4,"3/25/26",1,0,5,22,5,1,"0"
"MgCl2","L. Sicilis",4,"3/25/26",1,0,5,44,5,1,"1"
"MgCl2","L. Sicilis",4,"3/25/26",1,0,5,72,NA,NA,"3"
"MgCl2","L. Sicilis",4,"3/25/26",1,0,5,92,5,1,"3"
"MgCl2","L. Sicilis",4,"3/25/26",1,0,5,115,5,1,"4"
"MgCl2","L. Sicilis",4,"3/25/26",1,0,5,0,5,1,"0"
"MgCl2","L. Sicilis",4,"3/25/26",1,0,5,22,5,1,"0"
"MgCl2","L. Sicilis",4,"3/25/26",1,0,5,44,5,1,"1"
"MgCl2","L. Sicilis",4,"3/25/26",1,0,5,72,NA,NA,"3"
"MgCl2","L. Sicilis",4,"3/25/26",1,0,5,92,5,1,"3"
"MgCl2","L. Sicilis",4,"3/25/26",1,0,5,115,5,1,"4"
"NaCl","Skistodiaptomus",1,"9/30/25",19,500,3,0,3,1,"0"
"NaCl","Skistodiaptomus",1,"9/30/25",19,500,3,25,2,0.666666666666667,"1"
"NaCl","Skistodiaptomus",1,"9/30/25",19,500,3,48,2,0.666666666666667,"2"
"NaCl","Skistodiaptomus",1,"9/30/25",19,500,3,74,2,0.666666666666667,"3"
"NaCl","Skistodiaptomus",1,"9/30/25",19,500,3,98,2,0.666666666666667,"4"
"NaCl","Skistodiaptomus",1,"9/30/25",19,500,3,121,2,0.666666666666667,"5"
"NaCl","Skistodiaptomus",1,"9/30/25",19,600,3,0,3,1,"0"
"NaCl","Skistodiaptomus",1,"9/30/25",19,600,3,25,2,0.666666666666667,"1"
"NaCl","Skistodiaptomus",1,"9/30/25",19,600,3,48,2,0.666666666666667,"2"
"NaCl","Skistodiaptomus",1,"9/30/25",19,600,3,74,1,0.333333333333333,"3"
"NaCl","Skistodiaptomus",1,"9/30/25",19,600,3,98,1,0.333333333333333,"4"
"NaCl","Skistodiaptomus",1,"9/30/25",19,600,3,121,1,0.333333333333333,"5"
"NaCl","Skistodiaptomus",1,"9/30/25",19,700,3,0,3,1,"0"
"NaCl","Skistodiaptomus",1,"9/30/25",19,700,3,25,1,0.333333333333333,"1"
"NaCl","Skistodiaptomus",1,"9/30/25",19,700,3,48,1,0.333333333333333,"2"
"NaCl","Skistodiaptomus",1,"9/30/25",19,700,3,74,0,0,"3"
"NaCl","Skistodiaptomus",1,"9/30/25",19,700,3,98,0,0,"4"
"NaCl","Skistodiaptomus",1,"9/30/25",19,700,3,121,0,0,"5"
"NaCl","Skistodiaptomus",1,"9/30/25",19,800,3,0,3,1,"0"
"NaCl","Skistodiaptomus",1,"9/30/25",19,800,3,25,2,0.666666666666667,"1"
"NaCl","Skistodiaptomus",1,"9/30/25",19,800,3,48,2,0.666666666666667,"2"
"NaCl","Skistodiaptomus",1,"9/30/25",19,800,3,74,1,0.333333333333333,"3"
"NaCl","Skistodiaptomus",1,"9/30/25",19,800,3,98,1,0.333333333333333,"4"
"NaCl","Skistodiaptomus",1,"9/30/25",19,800,3,121,1,0.333333333333333,"5"
"NaCl","Skistodiaptomus",1,"9/30/25",19,900,3,0,3,1,"0"
"NaCl","Skistodiaptomus",1,"9/30/25",19,900,3,25,0,0,"1"
"NaCl","Skistodiaptomus",1,"9/30/25",19,900,3,48,0,0,"2"
"NaCl","Skistodiaptomus",1,"9/30/25",19,900,3,74,0,0,"3"
"NaCl","Skistodiaptomus",1,"9/30/25",19,900,3,98,0,0,"4"
"NaCl","Skistodiaptomus",1,"9/30/25",19,900,3,121,0,0,"5"
"NaCl","Skistodiaptomus",1,"9/30/25",19,0,3,0,3,1,"0"
"NaCl","Skistodiaptomus",1,"9/30/25",19,0,3,25,3,1,"1"
"NaCl","Skistodiaptomus",1,"9/30/25",19,0,3,48,3,1,"2"
"NaCl","Skistodiaptomus",1,"9/30/25",19,0,3,74,3,1,"3"
"NaCl","Skistodiaptomus",1,"9/30/25",19,0,3,98,3,1,"4"
"NaCl","Skistodiaptomus",1,"9/30/25",19,0,3,121,3,1,"5"
"MgCl2","L. Sicilis",1,"1/21/26",0,1000,5,0,5,1,"0"
"MgCl2","L. Sicilis",1,"1/21/26",0,1000,5,24,5,1,"1"
"MgCl2","L. Sicilis",1,"1/21/26",0,1000,5,48,5,1,"2"
"MgCl2","L. Sicilis",1,"1/21/26",0,1000,5,69,5,1,"2"
"MgCl2","L. Sicilis",1,"1/21/26",0,1000,5,93,5,1,"3"
"MgCl2","L. Sicilis",1,"1/21/26",0,1000,5,120,5,1,"5"
"MgCl2","L. Sicilis",1,"1/21/26",0,1100,5,0,5,1,"0"
"MgCl2","L. Sicilis",1,"1/21/26",0,1100,5,24,5,1,"1"
"MgCl2","L. Sicilis",1,"1/21/26",0,1100,5,48,4,0.8,"2"
"MgCl2","L. Sicilis",1,"1/21/26",0,1100,5,69,4,0.8,"2"
"MgCl2","L. Sicilis",1,"1/21/26",0,1100,5,93,4,0.8,"3"
"MgCl2","L. Sicilis",1,"1/21/26",0,1100,5,120,4,0.8,"5"
"MgCl2","L. Sicilis",1,"1/21/26",0,1200,5,0,5,1,"0"
"MgCl2","L. Sicilis",1,"1/21/26",0,1200,5,24,5,1,"1"
"MgCl2","L. Sicilis",1,"1/21/26",0,1200,5,48,5,1,"2"
"MgCl2","L. Sicilis",1,"1/21/26",0,1200,5,69,5,1,"2"
"MgCl2","L. Sicilis",1,"1/21/26",0,1200,5,93,5,1,"3"
"MgCl2","L. Sicilis",1,"1/21/26",0,1200,5,120,5,1,"5"
"MgCl2","L. Sicilis",1,"1/21/26",0,1300,5,0,5,1,"0"
"MgCl2","L. Sicilis",1,"1/21/26",0,1300,5,24,5,1,"1"
"MgCl2","L. Sicilis",1,"1/21/26",0,1300,5,48,5,1,"2"
"MgCl2","L. Sicilis",1,"1/21/26",0,1300,5,69,5,1,"2"
"MgCl2","L. Sicilis",1,"1/21/26",0,1300,5,93,5,1,"3"
"MgCl2","L. Sicilis",1,"1/21/26",0,1300,5,120,5,1,"5"
"MgCl2","L. Sicilis",1,"1/21/26",0,1400,5,0,5,1,"0"
"MgCl2","L. Sicilis",1,"1/21/26",0,1400,5,24,5,1,"1"
"MgCl2","L. Sicilis",1,"1/21/26",0,1400,5,48,5,1,"2"
"MgCl2","L. Sicilis",1,"1/21/26",0,1400,5,69,5,1,"2"
"MgCl2","L. Sicilis",1,"1/21/26",0,1400,5,93,5,1,"3"
"MgCl2","L. Sicilis",1,"1/21/26",0,1400,5,120,5,1,"5"
"MgCl2","L. Sicilis",1,"1/21/26",0,1500,5,0,5,1,"0"
"MgCl2","L. Sicilis",1,"1/21/26",0,1500,5,24,5,1,"1"
"MgCl2","L. Sicilis",1,"1/21/26",0,1500,5,48,5,1,"2"
"MgCl2","L. Sicilis",1,"1/21/26",0,1500,5,69,5,1,"2"
"MgCl2","L. Sicilis",1,"1/21/26",0,1500,5,93,5,1,"3"
"MgCl2","L. Sicilis",1,"1/21/26",0,1500,5,120,5,1,"5"
"MgCl2","L. Sicilis",1,"1/21/26",0,1600,5,0,5,1,"0"
"MgCl2","L. Sicilis",1,"1/21/26",0,1600,5,24,5,1,"1"
"MgCl2","L. Sicilis",1,"1/21/26",0,1600,5,48,5,1,"2"
"MgCl2","L. Sicilis",1,"1/21/26",0,1600,5,69,5,1,"2"
"MgCl2","L. Sicilis",1,"1/21/26",0,1600,5,93,5,1,"3"
"MgCl2","L. Sicilis",1,"1/21/26",0,1600,5,120,5,1,"5"
"MgCl2","L. Sicilis",1,"1/21/26",0,1700,5,0,5,1,"0"
"MgCl2","L. Sicilis",1,"1/21/26",0,1700,5,24,5,1,"1"
"MgCl2","L. Sicilis",1,"1/21/26",0,1700,5,48,5,1,"2"
"MgCl2","L. Sicilis",1,"1/21/26",0,1700,5,69,5,1,"2"
"MgCl2","L. Sicilis",1,"1/21/26",0,1700,5,93,5,1,"3"
"MgCl2","L. Sicilis",1,"1/21/26",0,1700,5,120,5,1,"5"
"MgCl2","L. Sicilis",1,"1/21/26",0,0,5,0,5,1,"0"
"MgCl2","L. Sicilis",1,"1/21/26",0,0,5,24,5,1,"1"
"MgCl2","L. Sicilis",1,"1/21/26",0,0,5,48,5,1,"2"
"MgCl2","L. Sicilis",1,"1/21/26",0,0,5,69,5,1,"2"
"MgCl2","L. Sicilis",1,"1/21/26",0,0,5,93,5,1,"3"
"MgCl2","L. Sicilis",1,"1/21/26",0,0,5,120,5,1,"5"
"MgCl2","L. Sicilis",1,"1/21/26",0,0,5,0,5,1,"0"
"MgCl2","L. Sicilis",1,"1/21/26",0,0,5,24,5,1,"1"
"MgCl2","L. Sicilis",1,"1/21/26",0,0,5,48,5,1,"2"
"MgCl2","L. Sicilis",1,"1/21/26",0,0,5,69,5,1,"2"
"MgCl2","L. Sicilis",1,"1/21/26",0,0,5,93,5,1,"3"
"MgCl2","L. Sicilis",1,"1/21/26",0,0,5,120,5,1,"5"
"NaCl","L. Sicilis",3,"1/28/26",0,1200,5,0,5,1,"0"
"NaCl","L. Sicilis",3,"1/28/26",0,1200,5,24,5,1,"1"
"NaCl","L. Sicilis",3,"1/28/26",0,1200,5,48,5,1,"2"
"NaCl","L. Sicilis",3,"1/28/26",0,1200,5,72,5,1,"3"
"NaCl","L. Sicilis",3,"1/28/26",0,1200,5,96,5,1,"4"
"NaCl","L. Sicilis",3,"1/28/26",0,1200,5,120,5,1,"5"
"NaCl","L. Sicilis",3,"1/28/26",0,1300,5,0,5,1,"0"
"NaCl","L. Sicilis",3,"1/28/26",0,1300,5,24,5,1,"1"
"NaCl","L. Sicilis",3,"1/28/26",0,1300,5,48,5,1,"2"
"NaCl","L. Sicilis",3,"1/28/26",0,1300,5,72,5,1,"3"
"NaCl","L. Sicilis",3,"1/28/26",0,1300,5,96,5,1,"4"
"NaCl","L. Sicilis",3,"1/28/26",0,1300,5,120,5,1,"5"
"NaCl","L. Sicilis",3,"1/28/26",0,1400,5,0,5,1,"0"
"NaCl","L. Sicilis",3,"1/28/26",0,1400,5,24,5,1,"1"
"NaCl","L. Sicilis",3,"1/28/26",0,1400,5,48,5,1,"2"
"NaCl","L. Sicilis",3,"1/28/26",0,1400,5,72,5,1,"3"
"NaCl","L. Sicilis",3,"1/28/26",0,1400,5,96,5,1,"4"
"NaCl","L. Sicilis",3,"1/28/26",0,1400,5,120,5,1,"5"
"NaCl","L. Sicilis",3,"1/28/26",0,1500,5,0,5,1,"0"
"NaCl","L. Sicilis",3,"1/28/26",0,1500,5,24,5,1,"1"
"NaCl","L. Sicilis",3,"1/28/26",0,1500,5,48,5,1,"2"
"NaCl","L. Sicilis",3,"1/28/26",0,1500,5,72,5,1,"3"
"NaCl","L. Sicilis",3,"1/28/26",0,1500,5,96,5,1,"4"
"NaCl","L. Sicilis",3,"1/28/26",0,1500,5,120,5,1,"5"
"NaCl","L. Sicilis",3,"1/28/26",0,1600,5,0,5,1,"0"
"NaCl","L. Sicilis",3,"1/28/26",0,1600,5,24,5,1,"1"
"NaCl","L. Sicilis",3,"1/28/26",0,1600,5,48,5,1,"2"
"NaCl","L. Sicilis",3,"1/28/26",0,1600,5,72,5,1,"3"
"NaCl","L. Sicilis",3,"1/28/26",0,1600,5,96,4,0.8,"4"
"NaCl","L. Sicilis",3,"1/28/26",0,1600,5,120,4,0.8,"5"
"NaCl","L. Sicilis",3,"1/28/26",0,1700,5,0,5,1,"0"
"NaCl","L. Sicilis",3,"1/28/26",0,1700,5,24,5,1,"1"
"NaCl","L. Sicilis",3,"1/28/26",0,1700,5,48,5,1,"2"
"NaCl","L. Sicilis",3,"1/28/26",0,1700,5,72,5,1,"3"
"NaCl","L. Sicilis",3,"1/28/26",0,1700,5,96,5,1,"4"
"NaCl","L. Sicilis",3,"1/28/26",0,1700,5,120,5,1,"5"
"NaCl","L. Sicilis",3,"1/28/26",0,1800,6,0,6,1,"0"
"NaCl","L. Sicilis",3,"1/28/26",0,1800,6,24,6,1,"1"
"NaCl","L. Sicilis",3,"1/28/26",0,1800,6,48,6,1,"2"
"NaCl","L. Sicilis",3,"1/28/26",0,1800,6,72,6,1,"3"
"NaCl","L. Sicilis",3,"1/28/26",0,1800,6,96,6,1,"4"
"NaCl","L. Sicilis",3,"1/28/26",0,1800,6,120,6,1,"5"
"NaCl","L. Sicilis",4,"1/28/26",0,1800,5,0,5,1,"0"
"NaCl","L. Sicilis",4,"1/28/26",0,1800,5,24,5,1,"1"
"NaCl","L. Sicilis",4,"1/28/26",0,1800,5,48,5,1,"2"
"NaCl","L. Sicilis",4,"1/28/26",0,1800,5,72,5,1,"3"
"NaCl","L. Sicilis",4,"1/28/26",0,1800,5,96,5,1,"4"
"NaCl","L. Sicilis",4,"1/28/26",0,1800,5,120,5,1,"5"
"NaCl","L. Sicilis",3,"1/28/26",0,1800,5,0,5,1,"0"
"NaCl","L. Sicilis",3,"1/28/26",0,1800,5,24,5,1,"1"
"NaCl","L. Sicilis",3,"1/28/26",0,1800,5,48,5,1,"2"
"NaCl","L. Sicilis",3,"1/28/26",0,1800,5,72,5,1,"3"
"NaCl","L. Sicilis",3,"1/28/26",0,1800,5,96,5,1,"4"
"NaCl","L. Sicilis",3,"1/28/26",0,1800,5,120,5,1,"5"
"NaCl","L. Sicilis",4,"1/28/26",0,1900,5,0,5,1,"0"
"NaCl","L. Sicilis",4,"1/28/26",0,1900,5,24,5,1,"1"
"NaCl","L. Sicilis",4,"1/28/26",0,1900,5,48,5,1,"2"
"NaCl","L. Sicilis",4,"1/28/26",0,1900,5,72,5,1,"3"
"NaCl","L. Sicilis",4,"1/28/26",0,1900,5,96,5,1,"4"
"NaCl","L. Sicilis",4,"1/28/26",0,1900,5,120,4,0.8,"5"
"NaCl","L. Sicilis",3,"1/28/26",0,0,5,0,5,1,"0"
"NaCl","L. Sicilis",3,"1/28/26",0,0,5,24,5,1,"1"
"NaCl","L. Sicilis",3,"1/28/26",0,0,5,48,5,1,"2"
"NaCl","L. Sicilis",3,"1/28/26",0,0,5,72,5,1,"3"
"NaCl","L. Sicilis",3,"1/28/26",0,0,5,96,5,1,"4"
"NaCl","L. Sicilis",3,"1/28/26",0,0,5,120,5,1,"5"
"NaCl","L. Sicilis",3,"1/28/26",0,0,5,0,5,1,"0"
"NaCl","L. Sicilis",3,"1/28/26",0,0,5,24,5,1,"1"
"NaCl","L. Sicilis",3,"1/28/26",0,0,5,48,5,1,"2"
"NaCl","L. Sicilis",3,"1/28/26",0,0,5,72,5,1,"3"
"NaCl","L. Sicilis",3,"1/28/26",0,0,5,96,5,1,"4"
"NaCl","L. Sicilis",3,"1/28/26",0,0,5,120,5,1,"5"
"MgCl2","Skistodiaptomus",1,"10/2/25",16.5,425,4,0,4,1,"0"
"MgCl2","Skistodiaptomus",1,"10/2/25",16.5,425,4,22,4,1,"0"
"MgCl2","Skistodiaptomus",1,"10/2/25",16.5,425,4,46,4,1,"1"
"MgCl2","Skistodiaptomus",1,"10/2/25",16.5,425,4,69,4,1,"2"
"MgCl2","Skistodiaptomus",1,"10/2/25",16.5,425,4,93,4,1,"3"
"MgCl2","Skistodiaptomus",1,"10/2/25",16.5,425,4,117,4,1,"4"
"MgCl2","Skistodiaptomus",1,"10/2/25",16.5,500,4,0,4,1,"0"
"MgCl2","Skistodiaptomus",1,"10/2/25",16.5,500,4,22,4,1,"0"
"MgCl2","Skistodiaptomus",1,"10/2/25",16.5,500,4,46,3,0.75,"1"
"MgCl2","Skistodiaptomus",1,"10/2/25",16.5,500,4,69,3,0.75,"2"
"MgCl2","Skistodiaptomus",1,"10/2/25",16.5,500,4,93,3,0.75,"3"
"MgCl2","Skistodiaptomus",1,"10/2/25",16.5,500,4,117,3,0.75,"4"
"MgCl2","Skistodiaptomus",1,"10/2/25",16.5,575,3,0,3,1,"0"
"MgCl2","Skistodiaptomus",1,"10/2/25",16.5,575,3,22,3,1,"0"
"MgCl2","Skistodiaptomus",1,"10/2/25",16.5,575,3,46,3,1,"1"
"MgCl2","Skistodiaptomus",1,"10/2/25",16.5,575,3,69,3,1,"2"
"MgCl2","Skistodiaptomus",1,"10/2/25",16.5,575,3,93,2,0.666666666666667,"3"
"MgCl2","Skistodiaptomus",1,"10/2/25",16.5,575,3,117,2,0.666666666666667,"4"
"MgCl2","Skistodiaptomus",1,"10/2/25",16.5,650,4,0,4,1,"0"
"MgCl2","Skistodiaptomus",1,"10/2/25",16.5,650,4,22,4,1,"0"
"MgCl2","Skistodiaptomus",1,"10/2/25",16.5,650,4,46,4,1,"1"
"MgCl2","Skistodiaptomus",1,"10/2/25",16.5,650,4,69,3,0.75,"2"
"MgCl2","Skistodiaptomus",1,"10/2/25",16.5,650,4,93,3,0.75,"3"
"MgCl2","Skistodiaptomus",1,"10/2/25",16.5,650,4,117,3,0.75,"4"
"MgCl2","Skistodiaptomus",1,"10/2/25",16.5,725,4,0,4,1,"0"
"MgCl2","Skistodiaptomus",1,"10/2/25",16.5,725,4,22,4,1,"0"
"MgCl2","Skistodiaptomus",1,"10/2/25",16.5,725,4,46,4,1,"1"
"MgCl2","Skistodiaptomus",1,"10/2/25",16.5,725,4,69,4,1,"2"
"MgCl2","Skistodiaptomus",1,"10/2/25",16.5,725,4,93,4,1,"3"
"MgCl2","Skistodiaptomus",1,"10/2/25",16.5,725,4,117,3,0.75,"4"
"MgCl2","Skistodiaptomus",1,"10/2/25",16.5,800,4,0,4,1,"0"
"MgCl2","Skistodiaptomus",1,"10/2/25",16.5,800,4,22,4,1,"0"
"MgCl2","Skistodiaptomus",1,"10/2/25",16.5,800,4,46,4,1,"1"
"MgCl2","Skistodiaptomus",1,"10/2/25",16.5,800,4,69,4,1,"2"
"MgCl2","Skistodiaptomus",1,"10/2/25",16.5,800,4,93,4,1,"3"
"MgCl2","Skistodiaptomus",1,"10/2/25",16.5,800,4,117,3,0.75,"4"
"MgCl2","Skistodiaptomus",1,"10/2/25",16.5,0,4,0,4,1,"0"
"MgCl2","Skistodiaptomus",1,"10/2/25",16.5,0,4,22,4,1,"0"
"MgCl2","Skistodiaptomus",1,"10/2/25",16.5,0,4,46,4,1,"1"
"MgCl2","Skistodiaptomus",1,"10/2/25",16.5,0,4,69,4,1,"2"
"MgCl2","Skistodiaptomus",1,"10/2/25",16.5,0,4,93,4,1,"3"
"MgCl2","Skistodiaptomus",1,"10/2/25",16.5,0,4,117,3,0.75,"4"
"MgCl2","Skistodiaptomus",1,"10/2/25",16.5,0,4,0,4,1,"0"
"MgCl2","Skistodiaptomus",1,"10/2/25",16.5,0,4,22,4,1,"0"
"MgCl2","Skistodiaptomus",1,"10/2/25",16.5,0,4,46,4,1,"1"
"MgCl2","Skistodiaptomus",1,"10/2/25",16.5,0,4,69,4,1,"2"
"MgCl2","Skistodiaptomus",1,"10/2/25",16.5,0,4,93,4,1,"3"
"MgCl2","Skistodiaptomus",1,"10/2/25",16.5,0,4,117,2,0.5,"4"
"MgCl2","Skistodiaptomus",2,"10/14/25",15,425,5,0,5,1,"0"
"MgCl2","Skistodiaptomus",2,"10/14/25",15,425,5,24,5,1,"1"
"MgCl2","Skistodiaptomus",2,"10/14/25",15,425,5,51,5,1,"2"
"MgCl2","Skistodiaptomus",2,"10/14/25",15,425,5,75,5,1,"3"
"MgCl2","Skistodiaptomus",2,"10/14/25",15,425,5,99,5,1,"4"
"MgCl2","Skistodiaptomus",2,"10/14/25",15,425,5,123,5,1,"5"
"MgCl2","Skistodiaptomus",2,"10/14/25",15,500,5,0,5,1,"0"
"MgCl2","Skistodiaptomus",2,"10/14/25",15,500,5,24,5,1,"1"
"MgCl2","Skistodiaptomus",2,"10/14/25",15,500,5,51,4,0.8,"2"
"MgCl2","Skistodiaptomus",2,"10/14/25",15,500,5,75,4,0.8,"3"
"MgCl2","Skistodiaptomus",2,"10/14/25",15,500,5,99,4,0.8,"4"
"MgCl2","Skistodiaptomus",2,"10/14/25",15,500,5,123,4,0.8,"5"
"MgCl2","Skistodiaptomus",2,"10/14/25",15,575,5,0,5,1,"0"
"MgCl2","Skistodiaptomus",2,"10/14/25",15,575,5,24,5,1,"1"
"MgCl2","Skistodiaptomus",2,"10/14/25",15,575,5,51,5,1,"2"
"MgCl2","Skistodiaptomus",2,"10/14/25",15,575,5,75,5,1,"3"
"MgCl2","Skistodiaptomus",2,"10/14/25",15,575,5,99,5,1,"4"
"MgCl2","Skistodiaptomus",2,"10/14/25",15,575,5,123,5,1,"5"
"MgCl2","Skistodiaptomus",2,"10/14/25",15,650,5,0,5,1,"0"
"MgCl2","Skistodiaptomus",2,"10/14/25",15,650,5,24,5,1,"1"
"MgCl2","Skistodiaptomus",2,"10/14/25",15,650,5,51,5,1,"2"
"MgCl2","Skistodiaptomus",2,"10/14/25",15,650,5,75,5,1,"3"
"MgCl2","Skistodiaptomus",2,"10/14/25",15,650,5,99,5,1,"4"
"MgCl2","Skistodiaptomus",2,"10/14/25",15,650,5,123,5,1,"5"
"MgCl2","Skistodiaptomus",2,"10/14/25",15,725,5,0,5,1,"0"
"MgCl2","Skistodiaptomus",2,"10/14/25",15,725,5,24,5,1,"1"
"MgCl2","Skistodiaptomus",2,"10/14/25",15,725,5,51,5,1,"2"
"MgCl2","Skistodiaptomus",2,"10/14/25",15,725,5,75,4,0.8,"3"
"MgCl2","Skistodiaptomus",2,"10/14/25",15,725,5,99,4,0.8,"4"
"MgCl2","Skistodiaptomus",2,"10/14/25",15,725,5,123,4,0.8,"5"
"MgCl2","Skistodiaptomus",2,"10/14/25",15,800,5,0,5,1,"0"
"MgCl2","Skistodiaptomus",2,"10/14/25",15,800,5,24,5,1,"1"
"MgCl2","Skistodiaptomus",2,"10/14/25",15,800,5,51,5,1,"2"
"MgCl2","Skistodiaptomus",2,"10/14/25",15,800,5,75,5,1,"3"
"MgCl2","Skistodiaptomus",2,"10/14/25",15,800,5,99,5,1,"4"
"MgCl2","Skistodiaptomus",2,"10/14/25",15,800,5,123,5,1,"5"
"MgCl2","Skistodiaptomus",2,"10/14/25",15,0,5,0,5,1,"0"
"MgCl2","Skistodiaptomus",2,"10/14/25",15,0,5,24,5,1,"1"
"MgCl2","Skistodiaptomus",2,"10/14/25",15,0,5,51,5,1,"2"
"MgCl2","Skistodiaptomus",2,"10/14/25",15,0,5,75,5,1,"3"
"MgCl2","Skistodiaptomus",2,"10/14/25",15,0,5,99,5,1,"4"
"MgCl2","Skistodiaptomus",2,"10/14/25",15,0,5,123,5,1,"5"
"MgCl2","Skistodiaptomus",2,"10/14/25",15,0,5,0,5,1,"0"
"MgCl2","Skistodiaptomus",2,"10/14/25",15,0,5,24,5,1,"1"
"MgCl2","Skistodiaptomus",2,"10/14/25",15,0,5,51,5,1,"2"
"MgCl2","Skistodiaptomus",2,"10/14/25",15,0,5,75,5,1,"3"
"MgCl2","Skistodiaptomus",2,"10/14/25",15,0,5,99,5,1,"4"
"MgCl2","Skistodiaptomus",2,"10/14/25",15,0,5,123,5,1,"5"
"NaCl","Skistodiaptomus",1,"10/16/25",12,425,5,0,5,1,"0"
"NaCl","Skistodiaptomus",1,"10/16/25",12,425,5,20,4,0.8,"0"
"NaCl","Skistodiaptomus",1,"10/16/25",12,425,5,44,4,0.8,"1"
"NaCl","Skistodiaptomus",1,"10/16/25",12,425,5,68,4,0.8,"2"
"NaCl","Skistodiaptomus",1,"10/16/25",12,425,5,92,4,0.8,"3"
"NaCl","Skistodiaptomus",1,"10/16/25",12,425,5,115,4,0.8,"4"
"NaCl","Skistodiaptomus",1,"10/16/25",12,500,5,0,5,1,"0"
"NaCl","Skistodiaptomus",1,"10/16/25",12,500,5,20,5,1,"0"
"NaCl","Skistodiaptomus",1,"10/16/25",12,500,5,44,5,1,"1"
"NaCl","Skistodiaptomus",1,"10/16/25",12,500,5,68,5,1,"2"
"NaCl","Skistodiaptomus",1,"10/16/25",12,500,5,92,5,1,"3"
"NaCl","Skistodiaptomus",1,"10/16/25",12,500,5,115,5,1,"4"
"NaCl","Skistodiaptomus",1,"10/16/25",12,575,5,0,5,1,"0"
"NaCl","Skistodiaptomus",1,"10/16/25",12,575,5,20,5,1,"0"
"NaCl","Skistodiaptomus",1,"10/16/25",12,575,5,44,5,1,"1"
"NaCl","Skistodiaptomus",1,"10/16/25",12,575,5,68,5,1,"2"
"NaCl","Skistodiaptomus",1,"10/16/25",12,575,5,92,5,1,"3"
"NaCl","Skistodiaptomus",1,"10/16/25",12,575,5,115,5,1,"4"
"NaCl","Skistodiaptomus",1,"10/16/25",12,650,5,0,5,1,"0"
"NaCl","Skistodiaptomus",1,"10/16/25",12,650,5,20,5,1,"0"
"NaCl","Skistodiaptomus",1,"10/16/25",12,650,5,44,4,0.8,"1"
"NaCl","Skistodiaptomus",1,"10/16/25",12,650,5,68,4,0.8,"2"
"NaCl","Skistodiaptomus",1,"10/16/25",12,650,5,92,4,0.8,"3"
"NaCl","Skistodiaptomus",1,"10/16/25",12,650,5,115,4,0.8,"4"
"NaCl","Skistodiaptomus",1,"10/16/25",12,725,5,0,5,1,"0"
"NaCl","Skistodiaptomus",1,"10/16/25",12,725,5,20,5,1,"0"
"NaCl","Skistodiaptomus",1,"10/16/25",12,725,5,44,5,1,"1"
"NaCl","Skistodiaptomus",1,"10/16/25",12,725,5,68,5,1,"2"
"NaCl","Skistodiaptomus",1,"10/16/25",12,725,5,92,5,1,"3"
"NaCl","Skistodiaptomus",1,"10/16/25",12,725,5,115,5,1,"4"
"NaCl","Skistodiaptomus",1,"10/16/25",12,800,5,0,5,1,"0"
"NaCl","Skistodiaptomus",1,"10/16/25",12,800,5,20,4,0.8,"0"
"NaCl","Skistodiaptomus",1,"10/16/25",12,800,5,44,4,0.8,"1"
"NaCl","Skistodiaptomus",1,"10/16/25",12,800,5,68,4,0.8,"2"
"NaCl","Skistodiaptomus",1,"10/16/25",12,800,5,92,4,0.8,"3"
"NaCl","Skistodiaptomus",1,"10/16/25",12,800,5,115,4,0.8,"4"
"NaCl","Skistodiaptomus",1,"10/16/25",12,0,5,0,5,1,"0"
"NaCl","Skistodiaptomus",1,"10/16/25",12,0,5,20,5,1,"0"
"NaCl","Skistodiaptomus",1,"10/16/25",12,0,5,44,5,1,"1"
"NaCl","Skistodiaptomus",1,"10/16/25",12,0,5,68,5,1,"2"
"NaCl","Skistodiaptomus",1,"10/16/25",12,0,5,92,5,1,"3"
"NaCl","Skistodiaptomus",1,"10/16/25",12,0,5,115,5,1,"4"
"NaCl","Skistodiaptomus",1,"10/16/25",12,0,5,0,5,1,"0"
"NaCl","Skistodiaptomus",1,"10/16/25",12,0,5,20,5,1,"0"
"NaCl","Skistodiaptomus",1,"10/16/25",12,0,5,44,5,1,"1"
"NaCl","Skistodiaptomus",1,"10/16/25",12,0,5,68,5,1,"2"
"NaCl","Skistodiaptomus",1,"10/16/25",12,0,5,92,5,1,"3"
"NaCl","Skistodiaptomus",1,"10/16/25",12,0,5,115,5,1,"4"
"NaCl","Skistodiaptomus",1,"10/28/25",12,850,5,0,5,1,"0"
"NaCl","Skistodiaptomus",1,"10/28/25",12,850,5,24,5,1,"1"
"NaCl","Skistodiaptomus",1,"10/28/25",12,850,5,49,5,1,"2"
"NaCl","Skistodiaptomus",1,"10/28/25",12,850,5,73,5,1,"3"
"NaCl","Skistodiaptomus",1,"10/28/25",12,850,5,98,5,1,"4"
"NaCl","Skistodiaptomus",1,"10/28/25",12,850,5,122,5,1,"5"
"NaCl","Skistodiaptomus",1,"10/28/25",12,900,5,0,5,1,"0"
"NaCl","Skistodiaptomus",1,"10/28/25",12,900,5,24,5,1,"1"
"NaCl","Skistodiaptomus",1,"10/28/25",12,900,5,49,5,1,"2"
"NaCl","Skistodiaptomus",1,"10/28/25",12,900,5,73,5,1,"3"
"NaCl","Skistodiaptomus",1,"10/28/25",12,900,5,98,4,0.8,"4"
"NaCl","Skistodiaptomus",1,"10/28/25",12,900,5,122,4,0.8,"5"
"NaCl","Skistodiaptomus",1,"10/28/25",12,950,5,0,5,1,"0"
"NaCl","Skistodiaptomus",1,"10/28/25",12,950,5,24,5,1,"1"
"NaCl","Skistodiaptomus",1,"10/28/25",12,950,5,49,5,1,"2"
"NaCl","Skistodiaptomus",1,"10/28/25",12,950,5,73,5,1,"3"
"NaCl","Skistodiaptomus",1,"10/28/25",12,950,5,98,5,1,"4"
"NaCl","Skistodiaptomus",1,"10/28/25",12,950,5,122,5,1,"5"
"NaCl","Skistodiaptomus",1,"10/28/25",12,1000,5,0,5,1,"0"
"NaCl","Skistodiaptomus",1,"10/28/25",12,1000,5,24,5,1,"1"
"NaCl","Skistodiaptomus",1,"10/28/25",12,1000,5,49,3,0.6,"2"
"NaCl","Skistodiaptomus",1,"10/28/25",12,1000,5,73,3,0.6,"3"
"NaCl","Skistodiaptomus",1,"10/28/25",12,1000,5,98,2,0.4,"4"
"NaCl","Skistodiaptomus",1,"10/28/25",12,1000,5,122,0,0,"5"
"NaCl","L. Minutus",4,"10/28/25",12,1000,5,0,5,1,"0"
"NaCl","L. Minutus",4,"10/28/25",12,1000,5,24,5,1,"1"
"NaCl","L. Minutus",4,"10/28/25",12,1000,5,49,5,1,"2"
"NaCl","L. Minutus",4,"10/28/25",12,1000,5,73,5,1,"3"
"NaCl","L. Minutus",4,"10/28/25",12,1000,5,98,3,0.6,"4"
"NaCl","L. Minutus",4,"10/28/25",12,1000,5,122,3,0.6,"5"
"NaCl","Skistodiaptomus",1,"10/28/25",12,0,5,0,5,1,"0"
"NaCl","Skistodiaptomus",1,"10/28/25",12,0,5,24,5,1,"1"
"NaCl","Skistodiaptomus",1,"10/28/25",12,0,5,49,5,1,"2"
"NaCl","Skistodiaptomus",1,"10/28/25",12,0,5,73,5,1,"3"
"NaCl","Skistodiaptomus",1,"10/28/25",12,0,5,98,5,1,"4"
"NaCl","Skistodiaptomus",1,"10/28/25",12,0,5,122,5,1,"5"
"NaCl","L. Minutus",1,"10/28/25",12,0,3,0,3,1,"0"
"NaCl","L. Minutus",1,"10/28/25",12,0,3,24,1,0.333333333333333,"1"
"NaCl","L. Minutus",1,"10/28/25",12,0,3,49,1,0.333333333333333,"2"
"NaCl","L. Minutus",1,"10/28/25",12,0,3,73,1,0.333333333333333,"3"
"NaCl","L. Minutus",1,"10/28/25",12,0,3,98,1,0.333333333333333,"4"
"NaCl","L. Minutus",1,"10/28/25",12,0,3,122,1,0.333333333333333,"5"
"NaCl","L. Minutus",1,"10/30/25",11,1000,5,0,5,1,"0"
"NaCl","L. Minutus",1,"10/30/25",11,1000,5,23,5,1,"0"
"NaCl","L. Minutus",1,"10/30/25",11,1000,5,48,5,1,"2"
"NaCl","L. Minutus",1,"10/30/25",11,1000,5,72,5,1,"3"
"NaCl","L. Minutus",1,"10/30/25",11,1000,5,96,5,1,"4"
"NaCl","L. Minutus",1,"10/30/25",11,1000,5,120,5,1,"5"
"NaCl","L. Minutus",1,"10/30/25",11,1100,5,0,5,1,"0"
"NaCl","L. Minutus",1,"10/30/25",11,1100,5,23,5,1,"0"
"NaCl","L. Minutus",1,"10/30/25",11,1100,5,48,5,1,"2"
"NaCl","L. Minutus",1,"10/30/25",11,1100,5,72,5,1,"3"
"NaCl","L. Minutus",1,"10/30/25",11,1100,5,96,4,0.8,"4"
"NaCl","L. Minutus",1,"10/30/25",11,1100,5,120,3,0.6,"5"
"NaCl","L. Minutus",1,"10/30/25",11,1200,5,0,5,1,"0"
"NaCl","L. Minutus",1,"10/30/25",11,1200,5,23,5,1,"0"
"NaCl","L. Minutus",1,"10/30/25",11,1200,5,48,5,1,"2"
"NaCl","L. Minutus",1,"10/30/25",11,1200,5,72,5,1,"3"
"NaCl","L. Minutus",1,"10/30/25",11,1200,5,96,4,0.8,"4"
"NaCl","L. Minutus",1,"10/30/25",11,1200,5,120,4,0.8,"5"
"NaCl","L. Minutus",1,"10/30/25",11,1300,5,0,5,1,"0"
"NaCl","L. Minutus",1,"10/30/25",11,1300,5,23,5,1,"0"
"NaCl","L. Minutus",1,"10/30/25",11,1300,5,48,5,1,"2"
"NaCl","L. Minutus",1,"10/30/25",11,1300,5,72,5,1,"3"
"NaCl","L. Minutus",1,"10/30/25",11,1300,5,96,5,1,"4"
"NaCl","L. Minutus",1,"10/30/25",11,1300,5,120,5,1,"5"
"NaCl","Skistodiaptomus",1,"10/30/25",11,1100,5,0,5,1,"0"
"NaCl","Skistodiaptomus",1,"10/30/25",11,1100,5,23,5,1,"0"
"NaCl","Skistodiaptomus",1,"10/30/25",11,1100,5,48,5,1,"2"
"NaCl","Skistodiaptomus",1,"10/30/25",11,1100,5,72,4,0.8,"3"
"NaCl","Skistodiaptomus",1,"10/30/25",11,1100,5,96,4,0.8,"4"
"NaCl","Skistodiaptomus",1,"10/30/25",11,1100,5,120,3,0.6,"5"
"NaCl","L. Minutus",1,"10/30/25",11,0,5,0,5,1,"0"
"NaCl","L. Minutus",1,"10/30/25",11,0,5,23,5,1,"0"
"NaCl","L. Minutus",1,"10/30/25",11,0,5,48,5,1,"2"
"NaCl","L. Minutus",1,"10/30/25",11,0,5,72,5,1,"3"
"NaCl","L. Minutus",1,"10/30/25",11,0,5,96,4,0.8,"4"
"NaCl","L. Minutus",1,"10/30/25",11,0,5,120,4,0.8,"5"
"NaCl","Skistodiaptomus",1,"10/30/25",11,0,4,0,4,1,"0"
"NaCl","Skistodiaptomus",1,"10/30/25",11,0,4,23,4,1,"0"
"NaCl","Skistodiaptomus",1,"10/30/25",11,0,4,48,3,0.75,"2"
"NaCl","Skistodiaptomus",1,"10/30/25",11,0,4,72,3,0.75,"3"
"NaCl","Skistodiaptomus",1,"10/30/25",11,0,4,96,3,0.75,"4"
"NaCl","Skistodiaptomus",1,"10/30/25",11,0,4,120,3,0.75,"5"
"NaCl","L. Minutus",1,"11/4/25",11,1000,5,0,5,1,"0"
"NaCl","L. Minutus",1,"11/4/25",11,1000,5,24,5,1,"1"
"NaCl","L. Minutus",1,"11/4/25",11,1000,5,49,5,1,"2"
"NaCl","L. Minutus",1,"11/4/25",11,1000,5,74,5,1,"3"
"NaCl","L. Minutus",1,"11/4/25",11,1000,5,98,5,1,"4"
"NaCl","L. Minutus",1,"11/4/25",11,1000,5,122,4,0.8,"5"
"NaCl","L. Minutus",1,"11/4/25",11,1100,5,0,5,1,"0"
"NaCl","L. Minutus",1,"11/4/25",11,1100,5,24,5,1,"1"
"NaCl","L. Minutus",1,"11/4/25",11,1100,5,49,5,1,"2"
"NaCl","L. Minutus",1,"11/4/25",11,1100,5,74,5,1,"3"
"NaCl","L. Minutus",1,"11/4/25",11,1100,5,98,5,1,"4"
"NaCl","L. Minutus",1,"11/4/25",11,1100,5,122,4,0.8,"5"
"NaCl","L. Minutus",1,"11/4/25",11,1200,5,0,5,1,"0"
"NaCl","L. Minutus",1,"11/4/25",11,1200,5,24,5,1,"1"
"NaCl","L. Minutus",1,"11/4/25",11,1200,5,49,5,1,"2"
"NaCl","L. Minutus",1,"11/4/25",11,1200,5,74,5,1,"3"
"NaCl","L. Minutus",1,"11/4/25",11,1200,5,98,5,1,"4"
"NaCl","L. Minutus",1,"11/4/25",11,1200,5,122,5,1,"5"
"NaCl","L. Minutus",1,"11/4/25",11,1300,5,0,5,1,"0"
"NaCl","L. Minutus",1,"11/4/25",11,1300,5,24,5,1,"1"
"NaCl","L. Minutus",1,"11/4/25",11,1300,5,49,5,1,"2"
"NaCl","L. Minutus",1,"11/4/25",11,1300,5,74,2,0.4,"3"
"NaCl","L. Minutus",1,"11/4/25",11,1300,5,98,2,0.4,"4"
"NaCl","L. Minutus",1,"11/4/25",11,1300,5,122,2,0.4,"5"
"NaCl","L. Minutus",1,"11/4/25",11,1400,5,0,5,1,"0"
"NaCl","L. Minutus",1,"11/4/25",11,1400,5,24,5,1,"1"
"NaCl","L. Minutus",1,"11/4/25",11,1400,5,49,3,0.6,"2"
"NaCl","L. Minutus",1,"11/4/25",11,1400,5,74,2,0.4,"3"
"NaCl","L. Minutus",1,"11/4/25",11,1400,5,98,2,0.4,"4"
"NaCl","L. Minutus",1,"11/4/25",11,1400,5,122,2,0.4,"5"
"NaCl","L. Minutus",1,"11/4/25",11,1500,5,0,5,1,"0"
"NaCl","L. Minutus",1,"11/4/25",11,1500,5,24,5,1,"1"
"NaCl","L. Minutus",1,"11/4/25",11,1500,5,49,2,0.4,"2"
"NaCl","L. Minutus",1,"11/4/25",11,1500,5,74,1,0.2,"3"
"NaCl","L. Minutus",1,"11/4/25",11,1500,5,98,0,0,"4"
"NaCl","L. Minutus",1,"11/4/25",11,1500,5,122,0,0,"5"
"NaCl","L. Minutus",1,"11/4/25",11,1600,5,0,5,1,"0"
"NaCl","L. Minutus",1,"11/4/25",11,1600,5,24,3,0.6,"1"
"NaCl","L. Minutus",1,"11/4/25",11,1600,5,49,1,0.2,"2"
"NaCl","L. Minutus",1,"11/4/25",11,1600,5,74,0,0,"3"
"NaCl","L. Minutus",1,"11/4/25",11,1600,5,98,0,0,"4"
"NaCl","L. Minutus",1,"11/4/25",11,1600,5,122,0,0,"5"
"NaCl","L. Minutus",1,"11/4/25",11,1700,5,0,5,1,"0"
"NaCl","L. Minutus",1,"11/4/25",11,1700,5,24,4,0.8,"1"
"NaCl","L. Minutus",1,"11/4/25",11,1700,5,49,2,0.4,"2"
"NaCl","L. Minutus",1,"11/4/25",11,1700,5,74,1,0.2,"3"
"NaCl","L. Minutus",1,"11/4/25",11,1700,5,98,1,0.2,"4"
"NaCl","L. Minutus",1,"11/4/25",11,1700,5,122,0,0,"5"
"NaCl","L. Minutus",1,"11/4/25",11,0,5,0,5,1,"0"
"NaCl","L. Minutus",1,"11/4/25",11,0,5,24,5,1,"1"
"NaCl","L. Minutus",1,"11/4/25",11,0,5,49,5,1,"2"
"NaCl","L. Minutus",1,"11/4/25",11,0,5,74,5,1,"3"
"NaCl","L. Minutus",1,"11/4/25",11,0,5,98,5,1,"4"
"NaCl","L. Minutus",1,"11/4/25",11,0,5,122,5,1,"5"
"NaCl","L. Minutus",2,"11/6/25",10,1000,5,0,5,1,"0"
"NaCl","L. Minutus",2,"11/6/25",10,1000,5,22,5,1,"0"
"NaCl","L. Minutus",2,"11/6/25",10,1000,5,46,5,1,"1"
"NaCl","L. Minutus",2,"11/6/25",10,1000,5,70,4,0.8,"2"
"NaCl","L. Minutus",2,"11/6/25",10,1000,5,94,4,0.8,"3"
"NaCl","L. Minutus",2,"11/6/25",10,1000,5,118,3,0.6,"4"
"NaCl","L. Minutus",2,"11/6/25",10,1100,5,0,5,1,"0"
"NaCl","L. Minutus",2,"11/6/25",10,1100,5,22,5,1,"0"
"NaCl","L. Minutus",2,"11/6/25",10,1100,5,46,5,1,"1"
"NaCl","L. Minutus",2,"11/6/25",10,1100,5,70,5,1,"2"
"NaCl","L. Minutus",2,"11/6/25",10,1100,5,94,5,1,"3"
"NaCl","L. Minutus",2,"11/6/25",10,1100,5,118,4,0.8,"4"
"NaCl","L. Minutus",2,"11/6/25",10,1200,5,0,5,1,"0"
"NaCl","L. Minutus",2,"11/6/25",10,1200,5,22,5,1,"0"
"NaCl","L. Minutus",2,"11/6/25",10,1200,5,46,5,1,"1"
"NaCl","L. Minutus",2,"11/6/25",10,1200,5,70,5,1,"2"
"NaCl","L. Minutus",2,"11/6/25",10,1200,5,94,4,0.8,"3"
"NaCl","L. Minutus",2,"11/6/25",10,1200,5,118,4,0.8,"4"
"NaCl","L. Minutus",2,"11/6/25",10,1300,5,0,5,1,"0"
"NaCl","L. Minutus",2,"11/6/25",10,1300,5,22,5,1,"0"
"NaCl","L. Minutus",2,"11/6/25",10,1300,5,46,5,1,"1"
"NaCl","L. Minutus",2,"11/6/25",10,1300,5,70,4,0.8,"2"
"NaCl","L. Minutus",2,"11/6/25",10,1300,5,94,4,0.8,"3"
"NaCl","L. Minutus",2,"11/6/25",10,1300,5,118,4,0.8,"4"
"NaCl","L. Minutus",2,"11/6/25",10,1400,5,0,5,1,"0"
"NaCl","L. Minutus",2,"11/6/25",10,1400,5,22,5,1,"0"
"NaCl","L. Minutus",2,"11/6/25",10,1400,5,46,4,0.8,"1"
"NaCl","L. Minutus",2,"11/6/25",10,1400,5,70,4,0.8,"2"
"NaCl","L. Minutus",2,"11/6/25",10,1400,5,94,4,0.8,"3"
"NaCl","L. Minutus",2,"11/6/25",10,1400,5,118,3,0.6,"4"
"NaCl","L. Minutus",2,"11/6/25",10,1500,5,0,5,1,"0"
"NaCl","L. Minutus",2,"11/6/25",10,1500,5,22,4,0.8,"0"
"NaCl","L. Minutus",2,"11/6/25",10,1500,5,46,4,0.8,"1"
"NaCl","L. Minutus",2,"11/6/25",10,1500,5,70,4,0.8,"2"
"NaCl","L. Minutus",2,"11/6/25",10,1500,5,94,2,0.4,"3"
"NaCl","L. Minutus",2,"11/6/25",10,1500,5,118,2,0.4,"4"
"NaCl","L. Minutus",2,"11/6/25",10,1600,5,0,5,1,"0"
"NaCl","L. Minutus",2,"11/6/25",10,1600,5,22,5,1,"0"
"NaCl","L. Minutus",2,"11/6/25",10,1600,5,46,4,0.8,"1"
"NaCl","L. Minutus",2,"11/6/25",10,1600,5,70,3,0.6,"2"
"NaCl","L. Minutus",2,"11/6/25",10,1600,5,94,3,0.6,"3"
"NaCl","L. Minutus",2,"11/6/25",10,1600,5,118,3,0.6,"4"
"NaCl","L. Minutus",2,"11/6/25",10,1700,5,0,5,1,"0"
"NaCl","L. Minutus",2,"11/6/25",10,1700,5,22,5,1,"0"
"NaCl","L. Minutus",2,"11/6/25",10,1700,5,46,5,1,"1"
"NaCl","L. Minutus",2,"11/6/25",10,1700,5,70,4,0.8,"2"
"NaCl","L. Minutus",2,"11/6/25",10,1700,5,94,4,0.8,"3"
"NaCl","L. Minutus",2,"11/6/25",10,1700,5,118,4,0.8,"4"
"NaCl","L. Minutus",2,"11/6/25",10,0,5,0,5,1,"0"
"NaCl","L. Minutus",2,"11/6/25",10,0,5,22,5,1,"0"
"NaCl","L. Minutus",2,"11/6/25",10,0,5,46,5,1,"1"
"NaCl","L. Minutus",2,"11/6/25",10,0,5,70,5,1,"2"
"NaCl","L. Minutus",2,"11/6/25",10,0,5,94,5,1,"3"
"NaCl","L. Minutus",2,"11/6/25",10,0,5,118,5,1,"4"
"NaCl","L. Minutus",2,"11/6/25",10,0,5,0,5,1,"0"
"NaCl","L. Minutus",2,"11/6/25",10,0,5,22,5,1,"0"
"NaCl","L. Minutus",2,"11/6/25",10,0,5,46,5,1,"1"
"NaCl","L. Minutus",2,"11/6/25",10,0,5,70,4,0.8,"2"
"NaCl","L. Minutus",2,"11/6/25",10,0,5,94,4,0.8,"3"
"NaCl","L. Minutus",2,"11/6/25",10,0,5,118,4,0.8,"4"
"NaCl","L. Sicilis",1,"11/6/25",10,1700,4,0,4,1,"0"
"NaCl","L. Sicilis",1,"11/6/25",10,1700,4,22,3,0.75,"0"
"NaCl","L. Sicilis",1,"11/6/25",10,1700,4,46,2,0.5,"1"
"NaCl","L. Sicilis",1,"11/6/25",10,1700,4,70,1,0.25,"2"
"NaCl","L. Sicilis",1,"11/6/25",10,1700,4,94,1,0.25,"3"
"NaCl","L. Sicilis",1,"11/6/25",10,1700,4,118,0,0,"4"
"MgCl2","L. Minutus",1,"11/13/25",8,1000,5,0,5,1,"0"
"MgCl2","L. Minutus",1,"11/13/25",8,1000,5,24,5,1,"1"
"MgCl2","L. Minutus",1,"11/13/25",8,1000,5,48,5,1,"2"
"MgCl2","L. Minutus",1,"11/13/25",8,1000,5,71,5,1,"2"
"MgCl2","L. Minutus",1,"11/13/25",8,1000,5,95,5,1,"3"
"MgCl2","L. Minutus",1,"11/13/25",8,1000,5,119,5,1,"4"
"MgCl2","L. Minutus",1,"11/13/25",8,1100,5,0,5,1,"0"
"MgCl2","L. Minutus",1,"11/13/25",8,1100,5,24,5,1,"1"
"MgCl2","L. Minutus",1,"11/13/25",8,1100,5,48,5,1,"2"
"MgCl2","L. Minutus",1,"11/13/25",8,1100,5,71,5,1,"2"
"MgCl2","L. Minutus",1,"11/13/25",8,1100,5,95,5,1,"3"
"MgCl2","L. Minutus",1,"11/13/25",8,1100,5,119,5,1,"4"
"MgCl2","L. Minutus",1,"11/13/25",8,1200,5,0,5,1,"0"
"MgCl2","L. Minutus",1,"11/13/25",8,1200,5,24,5,1,"1"
"MgCl2","L. Minutus",1,"11/13/25",8,1200,5,48,5,1,"2"
"MgCl2","L. Minutus",1,"11/13/25",8,1200,5,71,5,1,"2"
"MgCl2","L. Minutus",1,"11/13/25",8,1200,5,95,5,1,"3"
"MgCl2","L. Minutus",1,"11/13/25",8,1200,5,119,5,1,"4"
"MgCl2","L. Minutus",1,"11/13/25",8,1300,5,0,5,1,"0"
"MgCl2","L. Minutus",1,"11/13/25",8,1300,5,24,5,1,"1"
"MgCl2","L. Minutus",1,"11/13/25",8,1300,5,48,5,1,"2"
"MgCl2","L. Minutus",1,"11/13/25",8,1300,5,71,5,1,"2"
"MgCl2","L. Minutus",1,"11/13/25",8,1300,5,95,5,1,"3"
"MgCl2","L. Minutus",1,"11/13/25",8,1300,5,119,5,1,"4"
"MgCl2","L. Minutus",1,"11/13/25",8,1400,5,0,5,1,"0"
"MgCl2","L. Minutus",1,"11/13/25",8,1400,5,24,5,1,"1"
"MgCl2","L. Minutus",1,"11/13/25",8,1400,5,48,5,1,"2"
"MgCl2","L. Minutus",1,"11/13/25",8,1400,5,71,5,1,"2"
"MgCl2","L. Minutus",1,"11/13/25",8,1400,5,95,5,1,"3"
"MgCl2","L. Minutus",1,"11/13/25",8,1400,5,119,5,1,"4"
"MgCl2","L. Minutus",1,"11/13/25",8,1500,5,0,5,1,"0"
"MgCl2","L. Minutus",1,"11/13/25",8,1500,5,24,4,0.8,"1"
"MgCl2","L. Minutus",1,"11/13/25",8,1500,5,48,4,0.8,"2"
"MgCl2","L. Minutus",1,"11/13/25",8,1500,5,71,4,0.8,"2"
"MgCl2","L. Minutus",1,"11/13/25",8,1500,5,95,2,0.4,"3"
"MgCl2","L. Minutus",1,"11/13/25",8,1500,5,119,2,0.4,"4"
"MgCl2","L. Minutus",1,"11/13/25",8,1600,5,0,5,1,"0"
"MgCl2","L. Minutus",1,"11/13/25",8,1600,5,24,5,1,"1"
"MgCl2","L. Minutus",1,"11/13/25",8,1600,5,48,4,0.8,"2"
"MgCl2","L. Minutus",1,"11/13/25",8,1600,5,71,4,0.8,"2"
"MgCl2","L. Minutus",1,"11/13/25",8,1600,5,95,4,0.8,"3"
"MgCl2","L. Minutus",1,"11/13/25",8,1600,5,119,4,0.8,"4"
"MgCl2","L. Minutus",1,"11/13/25",8,1700,5,0,5,1,"0"
"MgCl2","L. Minutus",1,"11/13/25",8,1700,5,24,5,1,"1"
"MgCl2","L. Minutus",1,"11/13/25",8,1700,5,48,3,0.6,"2"
"MgCl2","L. Minutus",1,"11/13/25",8,1700,5,71,2,0.4,"2"
"MgCl2","L. Minutus",1,"11/13/25",8,1700,5,95,1,0.2,"3"
"MgCl2","L. Minutus",1,"11/13/25",8,1700,5,119,1,0.2,"4"
"MgCl2","L. Minutus",1,"11/13/25",8,0,5,0,5,1,"0"
"MgCl2","L. Minutus",1,"11/13/25",8,0,5,24,5,1,"1"
"MgCl2","L. Minutus",1,"11/13/25",8,0,5,48,5,1,"2"
"MgCl2","L. Minutus",1,"11/13/25",8,0,5,71,5,1,"2"
"MgCl2","L. Minutus",1,"11/13/25",8,0,5,95,5,1,"3"
"MgCl2","L. Minutus",1,"11/13/25",8,0,5,119,5,1,"4"
"MgCl2","L. Minutus",1,"11/13/25",8,0,5,0,5,1,"0"
"MgCl2","L. Minutus",1,"11/13/25",8,0,5,24,5,1,"1"
"MgCl2","L. Minutus",1,"11/13/25",8,0,5,48,5,1,"2"
"MgCl2","L. Minutus",1,"11/13/25",8,0,5,71,5,1,"2"
"MgCl2","L. Minutus",1,"11/13/25",8,0,5,95,5,1,"3"
"MgCl2","L. Minutus",1,"11/13/25",8,0,5,119,5,1,"4"
"MgCl2","L. Minutus",2,"11/15/25",8,1000,5,0,5,1,"0"
"MgCl2","L. Minutus",2,"11/15/25",8,1000,5,24,5,1,"1"
"MgCl2","L. Minutus",2,"11/15/25",8,1000,5,49,5,1,"2"
"MgCl2","L. Minutus",2,"11/15/25",8,1000,5,73,5,1,"3"
"MgCl2","L. Minutus",2,"11/15/25",8,1000,5,97,5,1,"4"
"MgCl2","L. Minutus",2,"11/15/25",8,1000,5,121,5,1,"5"
"MgCl2","L. Minutus",2,"11/15/25",8,1100,5,0,5,1,"0"
"MgCl2","L. Minutus",2,"11/15/25",8,1100,5,24,5,1,"1"
"MgCl2","L. Minutus",2,"11/15/25",8,1100,5,49,5,1,"2"
"MgCl2","L. Minutus",2,"11/15/25",8,1100,5,73,4,0.8,"3"
"MgCl2","L. Minutus",2,"11/15/25",8,1100,5,97,4,0.8,"4"
"MgCl2","L. Minutus",2,"11/15/25",8,1100,5,121,4,0.8,"5"
"MgCl2","L. Minutus",2,"11/15/25",8,1200,5,0,5,1,"0"
"MgCl2","L. Minutus",2,"11/15/25",8,1200,5,24,5,1,"1"
"MgCl2","L. Minutus",2,"11/15/25",8,1200,5,49,5,1,"2"
"MgCl2","L. Minutus",2,"11/15/25",8,1200,5,73,5,1,"3"
"MgCl2","L. Minutus",2,"11/15/25",8,1200,5,97,5,1,"4"
"MgCl2","L. Minutus",2,"11/15/25",8,1200,5,121,5,1,"5"
"MgCl2","L. Minutus",2,"11/15/25",8,1300,5,0,5,1,"0"
"MgCl2","L. Minutus",2,"11/15/25",8,1300,5,24,5,1,"1"
"MgCl2","L. Minutus",2,"11/15/25",8,1300,5,49,3,0.6,"2"
"MgCl2","L. Minutus",2,"11/15/25",8,1300,5,73,3,0.6,"3"
"MgCl2","L. Minutus",2,"11/15/25",8,1300,5,97,3,0.6,"4"
"MgCl2","L. Minutus",2,"11/15/25",8,1300,5,121,2,0.4,"5"
"MgCl2","L. Minutus",2,"11/15/25",8,1400,5,0,5,1,"0"
"MgCl2","L. Minutus",2,"11/15/25",8,1400,5,24,5,1,"1"
"MgCl2","L. Minutus",2,"11/15/25",8,1400,5,49,5,1,"2"
"MgCl2","L. Minutus",2,"11/15/25",8,1400,5,73,5,1,"3"
"MgCl2","L. Minutus",2,"11/15/25",8,1400,5,97,5,1,"4"
"MgCl2","L. Minutus",2,"11/15/25",8,1400,5,121,4,0.8,"5"
"MgCl2","L. Minutus",2,"11/15/25",8,1500,6,0,6,1,"0"
"MgCl2","L. Minutus",2,"11/15/25",8,1500,6,24,6,1,"1"
"MgCl2","L. Minutus",2,"11/15/25",8,1500,6,49,5,0.833333333333333,"2"
"MgCl2","L. Minutus",2,"11/15/25",8,1500,6,73,4,0.666666666666667,"3"
"MgCl2","L. Minutus",2,"11/15/25",8,1500,6,97,4,0.666666666666667,"4"
"MgCl2","L. Minutus",2,"11/15/25",8,1500,6,121,4,0.666666666666667,"5"
"MgCl2","L. Minutus",2,"11/15/25",8,1600,5,0,5,1,"0"
"MgCl2","L. Minutus",2,"11/15/25",8,1600,5,24,5,1,"1"
"MgCl2","L. Minutus",2,"11/15/25",8,1600,5,49,5,1,"2"
"MgCl2","L. Minutus",2,"11/15/25",8,1600,5,73,5,1,"3"
"MgCl2","L. Minutus",2,"11/15/25",8,1600,5,97,3,0.6,"4"
"MgCl2","L. Minutus",2,"11/15/25",8,1600,5,121,3,0.6,"5"
"MgCl2","L. Minutus",2,"11/15/25",8,1700,5,0,5,1,"0"
"MgCl2","L. Minutus",2,"11/15/25",8,1700,5,24,4,0.8,"1"
"MgCl2","L. Minutus",2,"11/15/25",8,1700,5,49,4,0.8,"2"
"MgCl2","L. Minutus",2,"11/15/25",8,1700,5,73,3,0.6,"3"
"MgCl2","L. Minutus",2,"11/15/25",8,1700,5,97,3,0.6,"4"
"MgCl2","L. Minutus",2,"11/15/25",8,1700,5,121,3,0.6,"5"
"MgCl2","L. Minutus",2,"11/15/25",8,0,5,0,5,1,"0"
"MgCl2","L. Minutus",2,"11/15/25",8,0,5,24,5,1,"1"
"MgCl2","L. Minutus",2,"11/15/25",8,0,5,49,5,1,"2"
"MgCl2","L. Minutus",2,"11/15/25",8,0,5,73,5,1,"3"
"MgCl2","L. Minutus",2,"11/15/25",8,0,5,97,5,1,"4"
"MgCl2","L. Minutus",2,"11/15/25",8,0,5,121,5,1,"5"
"MgCl2","L. Minutus",2,"11/15/25",8,0,5,0,5,1,"0"
"MgCl2","L. Minutus",2,"11/15/25",8,0,5,24,5,1,"1"
"MgCl2","L. Minutus",2,"11/15/25",8,0,5,49,5,1,"2"
"MgCl2","L. Minutus",2,"11/15/25",8,0,5,73,5,1,"3"
"MgCl2","L. Minutus",2,"11/15/25",8,0,5,97,5,1,"4"
"MgCl2","L. Minutus",2,"11/15/25",8,0,5,121,4,0.8,"5"
"MgCl2","L. Minutus",3,"12/2/25",5,1000,5,0,5,1,"0"
"MgCl2","L. Minutus",3,"12/2/25",5,1000,5,25,5,1,"1"
"MgCl2","L. Minutus",3,"12/2/25",5,1000,5,49,5,1,"2"
"MgCl2","L. Minutus",3,"12/2/25",5,1000,5,73,5,1,"3"
"MgCl2","L. Minutus",3,"12/2/25",5,1000,5,97,5,1,"4"
"MgCl2","L. Minutus",3,"12/2/25",5,1000,5,121,4,0.8,"5"
"MgCl2","L. Minutus",3,"12/2/25",5,1100,5,0,5,1,"0"
"MgCl2","L. Minutus",3,"12/2/25",5,1100,5,25,4,0.8,"1"
"MgCl2","L. Minutus",3,"12/2/25",5,1100,5,49,4,0.8,"2"
"MgCl2","L. Minutus",3,"12/2/25",5,1100,5,73,3,0.6,"3"
"MgCl2","L. Minutus",3,"12/2/25",5,1100,5,97,3,0.6,"4"
"MgCl2","L. Minutus",3,"12/2/25",5,1100,5,121,3,0.6,"5"
"MgCl2","L. Minutus",3,"12/2/25",5,1200,5,0,5,1,"0"
"MgCl2","L. Minutus",3,"12/2/25",5,1200,5,25,5,1,"1"
"MgCl2","L. Minutus",3,"12/2/25",5,1200,5,49,5,1,"2"
"MgCl2","L. Minutus",3,"12/2/25",5,1200,5,73,5,1,"3"
"MgCl2","L. Minutus",3,"12/2/25",5,1200,5,97,5,1,"4"
"MgCl2","L. Minutus",3,"12/2/25",5,1200,5,121,5,1,"5"
"MgCl2","L. Minutus",3,"12/2/25",5,1300,5,0,5,1,"0"
"MgCl2","L. Minutus",3,"12/2/25",5,1300,5,25,5,1,"1"
"MgCl2","L. Minutus",3,"12/2/25",5,1300,5,49,4,0.8,"2"
"MgCl2","L. Minutus",3,"12/2/25",5,1300,5,73,3,0.6,"3"
"MgCl2","L. Minutus",3,"12/2/25",5,1300,5,97,3,0.6,"4"
"MgCl2","L. Minutus",3,"12/2/25",5,1300,5,121,3,0.6,"5"
"MgCl2","L. Minutus",3,"12/2/25",5,1400,5,0,5,1,"0"
"MgCl2","L. Minutus",3,"12/2/25",5,1400,5,25,4,0.8,"1"
"MgCl2","L. Minutus",3,"12/2/25",5,1400,5,49,4,0.8,"2"
"MgCl2","L. Minutus",3,"12/2/25",5,1400,5,73,4,0.8,"3"
"MgCl2","L. Minutus",3,"12/2/25",5,1400,5,97,4,0.8,"4"
"MgCl2","L. Minutus",3,"12/2/25",5,1400,5,121,4,0.8,"5"
"MgCl2","L. Minutus",3,"12/2/25",5,1500,5,0,5,1,"0"
"MgCl2","L. Minutus",3,"12/2/25",5,1500,5,25,4,0.8,"1"
"MgCl2","L. Minutus",3,"12/2/25",5,1500,5,49,3,0.6,"2"
"MgCl2","L. Minutus",3,"12/2/25",5,1500,5,73,3,0.6,"3"
"MgCl2","L. Minutus",3,"12/2/25",5,1500,5,97,3,0.6,"4"
"MgCl2","L. Minutus",3,"12/2/25",5,1500,5,121,2,0.4,"5"
"MgCl2","L. Minutus",3,"12/2/25",5,1600,5,0,5,1,"0"
"MgCl2","L. Minutus",3,"12/2/25",5,1600,5,25,4,0.8,"1"
"MgCl2","L. Minutus",3,"12/2/25",5,1600,5,49,4,0.8,"2"
"MgCl2","L. Minutus",3,"12/2/25",5,1600,5,73,4,0.8,"3"
"MgCl2","L. Minutus",3,"12/2/25",5,1600,5,97,2,0.4,"4"
"MgCl2","L. Minutus",3,"12/2/25",5,1600,5,121,2,0.4,"5"
"MgCl2","L. Minutus",3,"12/2/25",5,1700,5,0,5,1,"0"
"MgCl2","L. Minutus",3,"12/2/25",5,1700,5,25,4,0.8,"1"
"MgCl2","L. Minutus",3,"12/2/25",5,1700,5,49,3,0.6,"2"
"MgCl2","L. Minutus",3,"12/2/25",5,1700,5,73,3,0.6,"3"
"MgCl2","L. Minutus",3,"12/2/25",5,1700,5,97,3,0.6,"4"
"MgCl2","L. Minutus",3,"12/2/25",5,1700,5,121,2,0.4,"5"
"MgCl2","L. Minutus",3,"12/2/25",5,0,5,0,5,1,"0"
"MgCl2","L. Minutus",3,"12/2/25",5,0,5,25,5,1,"1"
"MgCl2","L. Minutus",3,"12/2/25",5,0,5,49,5,1,"2"
"MgCl2","L. Minutus",3,"12/2/25",5,0,5,73,5,1,"3"
"MgCl2","L. Minutus",3,"12/2/25",5,0,5,97,5,1,"4"
"MgCl2","L. Minutus",3,"12/2/25",5,0,5,121,5,1,"5"
"MgCl2","L. Minutus",3,"12/2/25",5,0,5,0,5,1,"0"
"MgCl2","L. Minutus",3,"12/2/25",5,0,5,25,5,1,"1"
"MgCl2","L. Minutus",3,"12/2/25",5,0,5,49,5,1,"2"
"MgCl2","L. Minutus",3,"12/2/25",5,0,5,73,5,1,"3"
"MgCl2","L. Minutus",3,"12/2/25",5,0,5,97,5,1,"4"
"MgCl2","L. Minutus",3,"12/2/25",5,0,5,121,5,1,"5"
"NaCl","L. Minutus",3,"12/4/25",5,1000,5,0,5,1,"0"
"NaCl","L. Minutus",3,"12/4/25",5,1000,5,23,5,1,"0"
"NaCl","L. Minutus",3,"12/4/25",5,1000,5,47,5,1,"1"
"NaCl","L. Minutus",3,"12/4/25",5,1000,5,71,5,1,"2"
"NaCl","L. Minutus",3,"12/4/25",5,1000,5,95,5,1,"3"
"NaCl","L. Minutus",3,"12/4/25",5,1000,5,119,4,0.8,"4"
"NaCl","L. Minutus",3,"12/4/25",5,1100,5,0,5,1,"0"
"NaCl","L. Minutus",3,"12/4/25",5,1100,5,23,5,1,"0"
"NaCl","L. Minutus",3,"12/4/25",5,1100,5,47,5,1,"1"
"NaCl","L. Minutus",3,"12/4/25",5,1100,5,71,5,1,"2"
"NaCl","L. Minutus",3,"12/4/25",5,1100,5,95,5,1,"3"
"NaCl","L. Minutus",3,"12/4/25",5,1100,5,119,5,1,"4"
"NaCl","L. Minutus",3,"12/4/25",5,1200,5,0,5,1,"0"
"NaCl","L. Minutus",3,"12/4/25",5,1200,5,23,5,1,"0"
"NaCl","L. Minutus",3,"12/4/25",5,1200,5,47,4,0.8,"1"
"NaCl","L. Minutus",3,"12/4/25",5,1200,5,71,3,0.6,"2"
"NaCl","L. Minutus",3,"12/4/25",5,1200,5,95,3,0.6,"3"
"NaCl","L. Minutus",3,"12/4/25",5,1200,5,119,3,0.6,"4"
"NaCl","L. Minutus",3,"12/4/25",5,1300,5,0,5,1,"0"
"NaCl","L. Minutus",3,"12/4/25",5,1300,5,23,5,1,"0"
"NaCl","L. Minutus",3,"12/4/25",5,1300,5,47,4,0.8,"1"
"NaCl","L. Minutus",3,"12/4/25",5,1300,5,71,4,0.8,"2"
"NaCl","L. Minutus",3,"12/4/25",5,1300,5,95,4,0.8,"3"
"NaCl","L. Minutus",3,"12/4/25",5,1300,5,119,4,0.8,"4"
"NaCl","L. Minutus",3,"12/4/25",5,1400,5,0,5,1,"0"
"NaCl","L. Minutus",3,"12/4/25",5,1400,5,23,5,1,"0"
"NaCl","L. Minutus",3,"12/4/25",5,1400,5,47,5,1,"1"
"NaCl","L. Minutus",3,"12/4/25",5,1400,5,71,5,1,"2"
"NaCl","L. Minutus",3,"12/4/25",5,1400,5,95,5,1,"3"
"NaCl","L. Minutus",3,"12/4/25",5,1400,5,119,5,1,"4"
"NaCl","L. Minutus",3,"12/4/25",5,1500,4,0,4,1,"0"
"NaCl","L. Minutus",3,"12/4/25",5,1500,4,23,4,1,"0"
"NaCl","L. Minutus",3,"12/4/25",5,1500,4,47,4,1,"1"
"NaCl","L. Minutus",3,"12/4/25",5,1500,4,71,4,1,"2"
"NaCl","L. Minutus",3,"12/4/25",5,1500,4,95,3,0.75,"3"
"NaCl","L. Minutus",3,"12/4/25",5,1500,4,119,3,0.75,"4"
"NaCl","L. Minutus",3,"12/4/25",5,1600,5,0,5,1,"0"
"NaCl","L. Minutus",3,"12/4/25",5,1600,5,23,5,1,"0"
"NaCl","L. Minutus",3,"12/4/25",5,1600,5,47,5,1,"1"
"NaCl","L. Minutus",3,"12/4/25",5,1600,5,71,4,0.8,"2"
"NaCl","L. Minutus",3,"12/4/25",5,1600,5,95,2,0.4,"3"
"NaCl","L. Minutus",3,"12/4/25",5,1600,5,119,1,0.2,"4"
"NaCl","L. Minutus",3,"12/4/25",5,1700,5,0,5,1,"0"
"NaCl","L. Minutus",3,"12/4/25",5,1700,5,23,5,1,"0"
"NaCl","L. Minutus",3,"12/4/25",5,1700,5,47,5,1,"1"
"NaCl","L. Minutus",3,"12/4/25",5,1700,5,71,5,1,"2"
"NaCl","L. Minutus",3,"12/4/25",5,1700,5,95,4,0.8,"3"
"NaCl","L. Minutus",3,"12/4/25",5,1700,5,119,4,0.8,"4"
"NaCl","L. Minutus",3,"12/4/25",5,0,5,0,5,1,"0"
"NaCl","L. Minutus",3,"12/4/25",5,0,5,23,5,1,"0"
"NaCl","L. Minutus",3,"12/4/25",5,0,5,47,5,1,"1"
"NaCl","L. Minutus",3,"12/4/25",5,0,5,71,5,1,"2"
"NaCl","L. Minutus",3,"12/4/25",5,0,5,95,5,1,"3"
"NaCl","L. Minutus",3,"12/4/25",5,0,5,119,5,1,"4"
"NaCl","L. Minutus",3,"12/4/25",5,0,5,0,5,1,"0"
"NaCl","L. Minutus",3,"12/4/25",5,0,5,23,5,1,"0"
"NaCl","L. Minutus",3,"12/4/25",5,0,5,47,5,1,"1"
"NaCl","L. Minutus",3,"12/4/25",5,0,5,71,5,1,"2"
"NaCl","L. Minutus",3,"12/4/25",5,0,5,95,5,1,"3"
"NaCl","L. Minutus",3,"12/4/25",5,0,5,119,5,1,"4"
"NaCl","L. Sicilis",1,"2/11/26",0,2200,4,0,4,1,"0"
"NaCl","L. Sicilis",1,"2/11/26",0,2200,4,22,4,1,"0"
"NaCl","L. Sicilis",1,"2/11/26",0,2200,4,47,4,1,"1"
"NaCl","L. Sicilis",1,"2/11/26",0,2200,4,71,4,1,"2"
"NaCl","L. Sicilis",1,"2/11/26",0,2200,4,95,4,1,"3"
"NaCl","L. Sicilis",1,"2/11/26",0,2200,4,119,4,1,"4"
"NaCl","L. Sicilis",1,"2/11/26",0,0,4,0,4,1,"0"
"NaCl","L. Sicilis",1,"2/11/26",0,0,4,22,4,1,"0"
"NaCl","L. Sicilis",1,"2/11/26",0,0,4,47,4,1,"1"
"NaCl","L. Sicilis",1,"2/11/26",0,0,4,71,4,1,"2"
"NaCl","L. Sicilis",1,"2/11/26",0,0,4,95,4,1,"3"
"NaCl","L. Sicilis",1,"2/11/26",0,0,4,119,4,1,"4"
"NaCl","L. Sicilis",2,"2/2/26",0,1200,5,0,5,1,"0"
"NaCl","L. Sicilis",2,"2/2/26",0,1200,5,27,5,1,"1"
"NaCl","L. Sicilis",2,"2/2/26",0,1200,5,48,5,1,"2"
"NaCl","L. Sicilis",2,"2/2/26",0,1200,5,72,5,1,"3"
"NaCl","L. Sicilis",2,"2/2/26",0,1200,5,96,5,1,"4"
"NaCl","L. Sicilis",2,"2/2/26",0,1200,5,120,5,1,"5"
"NaCl","L. Sicilis",2,"2/2/26",0,1300,5,0,5,1,"0"
"NaCl","L. Sicilis",2,"2/2/26",0,1300,5,27,5,1,"1"
"NaCl","L. Sicilis",2,"2/2/26",0,1300,5,48,5,1,"2"
"NaCl","L. Sicilis",2,"2/2/26",0,1300,5,72,5,1,"3"
"NaCl","L. Sicilis",2,"2/2/26",0,1300,5,96,5,1,"4"
"NaCl","L. Sicilis",2,"2/2/26",0,1300,5,120,5,1,"5"
"NaCl","L. Sicilis",2,"2/2/26",0,1400,5,0,5,1,"0"
"NaCl","L. Sicilis",2,"2/2/26",0,1400,5,27,5,1,"1"
"NaCl","L. Sicilis",2,"2/2/26",0,1400,5,48,5,1,"2"
"NaCl","L. Sicilis",2,"2/2/26",0,1400,5,72,5,1,"3"
"NaCl","L. Sicilis",2,"2/2/26",0,1400,5,96,5,1,"4"
"NaCl","L. Sicilis",2,"2/2/26",0,1400,5,120,5,1,"5"
"NaCl","L. Sicilis",2,"2/2/26",0,1400,5,0,5,1,"0"
"NaCl","L. Sicilis",2,"2/2/26",0,1400,5,27,5,1,"1"
"NaCl","L. Sicilis",2,"2/2/26",0,1400,5,48,5,1,"2"
"NaCl","L. Sicilis",2,"2/2/26",0,1400,5,72,5,1,"3"
"NaCl","L. Sicilis",2,"2/2/26",0,1400,5,96,5,1,"4"
"NaCl","L. Sicilis",2,"2/2/26",0,1400,5,120,5,1,"5"
"NaCl","L. Sicilis",2,"2/2/26",0,1600,5,0,5,1,"0"
"NaCl","L. Sicilis",2,"2/2/26",0,1600,5,27,5,1,"1"
"NaCl","L. Sicilis",2,"2/2/26",0,1600,5,48,5,1,"2"
"NaCl","L. Sicilis",2,"2/2/26",0,1600,5,72,5,1,"3"
"NaCl","L. Sicilis",2,"2/2/26",0,1600,5,96,5,1,"4"
"NaCl","L. Sicilis",2,"2/2/26",0,1600,5,120,NA,NA,"5"
"NaCl","L. Sicilis",2,"2/2/26",0,1700,5,0,5,1,"0"
"NaCl","L. Sicilis",2,"2/2/26",0,1700,5,27,5,1,"1"
"NaCl","L. Sicilis",2,"2/2/26",0,1700,5,48,5,1,"2"
"NaCl","L. Sicilis",2,"2/2/26",0,1700,5,72,5,1,"3"
"NaCl","L. Sicilis",2,"2/2/26",0,1700,5,96,5,1,"4"
"NaCl","L. Sicilis",2,"2/2/26",0,1700,5,120,5,1,"5"
"NaCl","L. Sicilis",2,"2/2/26",0,1700,5,0,5,1,"0"
"NaCl","L. Sicilis",2,"2/2/26",0,1700,5,27,5,1,"1"
"NaCl","L. Sicilis",2,"2/2/26",0,1700,5,48,5,1,"2"
"NaCl","L. Sicilis",2,"2/2/26",0,1700,5,72,5,1,"3"
"NaCl","L. Sicilis",2,"2/2/26",0,1700,5,96,5,1,"4"
"NaCl","L. Sicilis",2,"2/2/26",0,1700,5,120,5,1,"5"
"NaCl","L. Sicilis",2,"2/2/26",0,1700,5,0,5,1,"0"
"NaCl","L. Sicilis",2,"2/2/26",0,1700,5,27,5,1,"1"
"NaCl","L. Sicilis",2,"2/2/26",0,1700,5,48,5,1,"2"
"NaCl","L. Sicilis",2,"2/2/26",0,1700,5,72,5,1,"3"
"NaCl","L. Sicilis",2,"2/2/26",0,1700,5,96,5,1,"4"
"NaCl","L. Sicilis",2,"2/2/26",0,1700,5,120,4,0.8,"5"
"NaCl","L. Sicilis",2,"2/2/26",0,1800,5,0,5,1,"0"
"NaCl","L. Sicilis",2,"2/2/26",0,1800,5,27,5,1,"1"
"NaCl","L. Sicilis",2,"2/2/26",0,1800,5,48,5,1,"2"
"NaCl","L. Sicilis",2,"2/2/26",0,1800,5,72,5,1,"3"
"NaCl","L. Sicilis",2,"2/2/26",0,1800,5,96,5,1,"4"
"NaCl","L. Sicilis",2,"2/2/26",0,1800,5,120,5,1,"5"
"NaCl","L. Sicilis",2,"2/2/26",0,1900,5,0,5,1,"0"
"NaCl","L. Sicilis",2,"2/2/26",0,1900,5,27,5,1,"1"
"NaCl","L. Sicilis",2,"2/2/26",0,1900,5,48,5,1,"2"
"NaCl","L. Sicilis",2,"2/2/26",0,1900,5,72,5,1,"3"
"NaCl","L. Sicilis",2,"2/2/26",0,1900,5,96,5,1,"4"
"NaCl","L. Sicilis",2,"2/2/26",0,1900,5,120,5,1,"5"
"NaCl","L. Sicilis",2,"2/2/26",0,0,5,0,5,1,"0"
"NaCl","L. Sicilis",2,"2/2/26",0,0,5,27,5,1,"1"
"NaCl","L. Sicilis",2,"2/2/26",0,0,5,48,5,1,"2"
"NaCl","L. Sicilis",2,"2/2/26",0,0,5,72,5,1,"3"
"NaCl","L. Sicilis",2,"2/2/26",0,0,5,96,5,1,"4"
"NaCl","L. Sicilis",2,"2/2/26",0,0,5,120,5,1,"5"
"NaCl","L. Sicilis",2,"2/2/26",0,0,5,0,5,1,"0"
"NaCl","L. Sicilis",2,"2/2/26",0,0,5,27,5,1,"1"
"NaCl","L. Sicilis",2,"2/2/26",0,0,5,48,5,1,"2"
"NaCl","L. Sicilis",2,"2/2/26",0,0,5,72,5,1,"3"
"NaCl","L. Sicilis",2,"2/2/26",0,0,5,96,5,1,"4"
"NaCl","L. Sicilis",2,"2/2/26",0,0,5,120,NA,NA,"5"
"MgCl2","L. Sicilis",2,"2/4/26",0,1900,5,0,5,1,"0"
"MgCl2","L. Sicilis",2,"2/4/26",0,1900,5,24,5,1,"1"
"MgCl2","L. Sicilis",2,"2/4/26",0,1900,5,48,4,0.8,"2"
"MgCl2","L. Sicilis",2,"2/4/26",0,1900,5,72,4,0.8,"3"
"MgCl2","L. Sicilis",2,"2/4/26",0,1900,5,96,4,0.8,"4"
"MgCl2","L. Sicilis",2,"2/4/26",0,1900,5,120,4,0.8,"5"
"MgCl2","L. Sicilis",2,"2/4/26",0,2000,5,0,5,1,"0"
"MgCl2","L. Sicilis",2,"2/4/26",0,2000,5,24,5,1,"1"
"MgCl2","L. Sicilis",2,"2/4/26",0,2000,5,48,3,0.6,"2"
"MgCl2","L. Sicilis",2,"2/4/26",0,2000,5,72,3,0.6,"3"
"MgCl2","L. Sicilis",2,"2/4/26",0,2000,5,96,3,0.6,"4"
"MgCl2","L. Sicilis",2,"2/4/26",0,2000,5,120,3,0.6,"5"
"MgCl2","L. Sicilis",2,"2/4/26",0,2100,5,0,5,1,"0"
"MgCl2","L. Sicilis",2,"2/4/26",0,2100,5,24,5,1,"1"
"MgCl2","L. Sicilis",2,"2/4/26",0,2100,5,48,3,0.6,"2"
"MgCl2","L. Sicilis",2,"2/4/26",0,2100,5,72,3,0.6,"3"
"MgCl2","L. Sicilis",2,"2/4/26",0,2100,5,96,4,0.8,"4"
"MgCl2","L. Sicilis",2,"2/4/26",0,2100,5,120,3,0.6,"5"
"MgCl2","L. Sicilis",2,"2/4/26",0,2200,5,0,5,1,"0"
"MgCl2","L. Sicilis",2,"2/4/26",0,2200,5,24,5,1,"1"
"MgCl2","L. Sicilis",2,"2/4/26",0,2200,5,48,3,0.6,"2"
"MgCl2","L. Sicilis",2,"2/4/26",0,2200,5,72,3,0.6,"3"
"MgCl2","L. Sicilis",2,"2/4/26",0,2200,5,96,1,0.2,"4"
"MgCl2","L. Sicilis",2,"2/4/26",0,2200,5,120,1,0.2,"5"
"MgCl2","L. Sicilis",2,"2/4/26",0,2300,5,0,5,1,"0"
"MgCl2","L. Sicilis",2,"2/4/26",0,2300,5,24,4,0.8,"1"
"MgCl2","L. Sicilis",2,"2/4/26",0,2300,5,48,3,0.6,"2"
"MgCl2","L. Sicilis",2,"2/4/26",0,2300,5,72,3,0.6,"3"
"MgCl2","L. Sicilis",2,"2/4/26",0,2300,5,96,3,0.6,"4"
"MgCl2","L. Sicilis",2,"2/4/26",0,2300,5,120,3,0.6,"5"
"MgCl2","L. Sicilis",2,"2/4/26",0,2400,5,0,5,1,"0"
"MgCl2","L. Sicilis",2,"2/4/26",0,2400,5,24,3,0.6,"1"
"MgCl2","L. Sicilis",2,"2/4/26",0,2400,5,48,0,0,"2"
"MgCl2","L. Sicilis",2,"2/4/26",0,2400,5,72,0,0,"3"
"MgCl2","L. Sicilis",2,"2/4/26",0,2400,5,96,0,0,"4"
"MgCl2","L. Sicilis",2,"2/4/26",0,2400,5,120,0,0,"5"
"MgCl2","L. Sicilis",2,"2/4/26",0,2500,5,0,5,1,"0"
"MgCl2","L. Sicilis",2,"2/4/26",0,2500,5,24,1,0.2,"1"
"MgCl2","L. Sicilis",2,"2/4/26",0,2500,5,48,0,0,"2"
"MgCl2","L. Sicilis",2,"2/4/26",0,2500,5,72,0,0,"3"
"MgCl2","L. Sicilis",2,"2/4/26",0,2500,5,96,0,0,"4"
"MgCl2","L. Sicilis",2,"2/4/26",0,2500,5,120,0,0,"5"
"MgCl2","L. Sicilis",2,"2/4/26",0,2600,5,0,5,1,"0"
"MgCl2","L. Sicilis",2,"2/4/26",0,2600,5,24,2,0.4,"1"
"MgCl2","L. Sicilis",2,"2/4/26",0,2600,5,48,2,0.4,"2"
"MgCl2","L. Sicilis",2,"2/4/26",0,2600,5,72,2,0.4,"3"
"MgCl2","L. Sicilis",2,"2/4/26",0,2600,5,96,1,0.2,"4"
"MgCl2","L. Sicilis",2,"2/4/26",0,2600,5,120,1,0.2,"5"
"MgCl2","L. Sicilis",2,"2/4/26",0,0,5,0,5,1,"0"
"MgCl2","L. Sicilis",2,"2/4/26",0,0,5,24,5,1,"1"
"MgCl2","L. Sicilis",2,"2/4/26",0,0,5,48,5,1,"2"
"MgCl2","L. Sicilis",2,"2/4/26",0,0,5,72,5,1,"3"
"MgCl2","L. Sicilis",2,"2/4/26",0,0,5,96,5,1,"4"
"MgCl2","L. Sicilis",2,"2/4/26",0,0,5,120,5,1,"5"
"MgCl2","L. Sicilis",2,"2/4/26",0,0,5,0,5,1,"0"
"MgCl2","L. Sicilis",2,"2/4/26",0,0,5,24,5,1,"1"
"MgCl2","L. Sicilis",2,"2/4/26",0,0,5,48,5,1,"2"
"MgCl2","L. Sicilis",2,"2/4/26",0,0,5,72,5,1,"3"
"MgCl2","L. Sicilis",2,"2/4/26",0,0,5,96,5,1,"4"
"MgCl2","L. Sicilis",2,"2/4/26",0,0,5,120,5,1,"5"
